# Emoji names for Kwick's ":" mode: emoji, Japanese name, English name, keywords.
# Generated from Unicode emoji-test.txt and CLDR annotations (ja, en).
# Unicode data: Copyright (c) Unicode, Inc. Unicode License v3, https://www.unicode.org/license.txt
😀	にっこり笑う	grinning face	スマイル ナイス にっこり ハッピー 笑う 笑顔 顔 cheerful cheery face grin grinning happy laugh nice smile smiling teeth
😃	わーい	grinning face with big eyes	スマイル ハッピー 口を開けた笑顔 笑顔 顔 awesome big eyes face grin grinning happy mouth open smile smiling teeth yay
😄	笑顔	grinning face with smiling eyes	スマイル ハッピー わーい 顔 eye eyes face grin grinning happy laugh lol mouth open smile smiling
😁	にやっと笑う	beaming face with smiling eyes	スマイル ナイス ハッピー 笑う 笑顔 顔 beaming eye eyes face grin grinning happy nice smile smiling teeth
😆	きゃー	grinning squinting face	あはは うけるね スマイル 嬉しい 満足 笑 笑顔 顔 closed eyes face grinning haha hahaha happy laugh lol mouth open rofl smile smiling squinting
😅	冷や汗笑顔	grinning face with sweat	スマイル とほほ 冷や汗 汗 笑顔 顔 cold dejected excited face grinning mouth nervous open smile smiling stress stressed sweat
🤣	笑い転げる	rolling on the floor laughing	あはは うけるね スマイル 泣き笑い 涙 爆笑 笑う 笑顔 顔 crying face floor funny haha happy hehe hilarious joy laugh lmao lol rofl roflmao rolling tear
😂	嬉し泣き	face with tears of joy	あはは スマイル 大笑い 泣き笑い 涙 爆笑 笑う 笑顔 顔 crying face feels funny haha happy hehe hilarious joy laugh lmao lol rofl roflmao tear
🙂	微笑む	slightly smiling face	スマイル ハッピー ほほえみ 微笑み 笑顔 顔 face happy slightly smile smiling
🙃	さかさまの顔	upside-down face	さかさま 笑顔 顔 face hehe smile upside-down
🫠	溶けている顔	melting face	とろける 暑い 液体 溶けそう 溶ける 顔 disappear dissolve embarrassed face haha heat hot liquid lol melt melting sarcasm sarcastic
😉	ウインク	winking face	ウィンク ウィンクする顔 顔 face flirt heartbreaker sexy slide tease wink winking winks
😊	にこにこ	smiling face with smiling eyes	スマイル 微笑み 満足 目を細める 頬を赤らめる 顔 blush eye eyes face glad satisfied smile smiling
😇	天使の輪がついた笑顔	smiling face with halo	スマイル ハッピー 天使の輪 平和 笑顔 顔 angel angelic angels blessed face fairy fairytale fantasy halo happy innocent peaceful smile smiling spirit tale
🥰	ハートの笑顔	smiling face with hearts	ハート メロメロ ラブ 夢中 愛してる 笑顔 顔 3 adore crush face heart hearts ily love romance smile smiling you
😍	目がハートの笑顔	smiling face with heart-eyes	スマイル ハート ラブ 大好き 笑顔 顔 143 bae eye face feels heart-eyes hearts ily kisses love romance romantic smile xoxo
🤩	目が星の笑顔	star-struck	スマイル わーい 星 笑顔 顔 excited eyes face grinning smile star starry-eyed wow
😘	投げキッス	face blowing a kiss	キス ちゅっ ハート 顔 adorbs bae blowing face flirt heart ily kiss love lover miss muah romantic smooch xoxo you
😗	キス	kissing face	ちゅっ デート 顔 143 date dating face flirt ily kiss love smooch smooches xoxo you
☺️	スマイリー	smiling face	スマイル ハッピー ほっ 笑顔 顔 face happy outlined relaxed smile smiling
😚	ちゅっ	kissing face with closed eyes	キス デート 目を閉じてキス 目を閉じる 顔 143 bae blush closed date dating eye eyes face flirt ily kisses kissing smooches xoxo
😙	にっこりキス	kissing face with smiling eyes	キス スマイル ちゅっ 笑顔 顔 143 closed date dating eye eyes face flirt ily kiss kisses kissing love night smile smiling
🥲	嬉し涙の顔	smiling face with tear	じーん 感動 感激 泣く 涙 顔 face glad grateful happy joy pain proud relieved smile smiley smiling tear touched
😋	にこにこぺろり	face savoring food	うまい おいしい おいしそう スマイル ぺろり 笑顔 腹ぺこ 顔 delicious eat face food full hungry savor smile smiling tasty um yum yummy
😛	舌を出した顔	face with tongue	べー べろ 甘い 舌 顔 awesome cool face nice party stuck-out sweet tongue
😜	あっかんべー	winking face with tongue	ウィンク ジョーク べー 冗談 舌 顔 crazy epic eye face funny joke loopy nutty party stuck-out tongue wacky weirdo wink winking yolo
🤪	ふざけた顔	zany face	おかしい ジョーク ふざけ 顔 crazy eye eyes face goofy large small zany
😝	目を閉じてべー	squinting face with tongue	べー べろ わーい 味見 舌 顔 closed eye eyes face gross horrible omg squinting stuck-out taste tongue whatever yolo
🤑	お金の顔	money-mouth face	お金 べー べろ 舌 顔 face money money-mouth mouth paid
🤗	ハグ	smiling face with open hands	スマイル 笑顔 顔 face hands hug hugging open smiling
🤭	口に手を当てた顔	face with hand over mouth	おっと クスクス スマイル 内緒 笑顔 顔 face giggle giggling hand mouth oops realization secret shock sudden surprise whoops
🫢	目を開けて口に手を当てた顔	face with open eyes and hand over mouth	おそれ おののき びっくり 静かに 顔 驚き amazement awe disbelief embarrass eyes face gasp hand mouth omg open over quiet scared shock surprise
🫣	指の間からのぞき見る顔	face with peeking eye	こわごわ ちらっ のぞき見 盗み見 顔 captivated embarrass eye face hide hiding peek peeking peep scared shy stare
🤫	しーっ	shushing face	しー シーッ しっ 静かに 顔 face quiet shh shush shushing
🤔	考える顔	thinking face	うーん 考える 考え中 顎に手 顔 chin consider face hmm ponder pondering thinking wondering
🫡	敬礼する顔	saluting face	オーケー 了解 敬礼 軍隊 顔 face good luck ma’am OK respect salute saluting sir troops yes
🤐	口チャック	zipper-mouth face	チャック 内緒 口 秘密 顔 face keep mouth quiet secret shut zip zipper zipper-mouth
🤨	眉を上げた顔	face with raised eyebrow	不審 疑い 顔 驚き disapproval disbelief distrust emoji eyebrow face hmm mild raised skeptic skeptical skepticism surprise what
😐	ポーカーフェイス	neutral face	無表情 笑えない 顔 awkward blank deadpan expressionless face fine jealous meh neutral oh shade straight unamused unhappy unimpressed whatever
😑	無表情	expressionless face	ふーん やきもち 無感情 顔 awkward dead expressionless face fine inexpressive jealous meh not oh omg straight uh unhappy unimpressed whatever
😶	口のない顔	face without mouth	だんまり 口なし 沈黙 無表情 無言 顔 awkward blank expressionless face mouth mouthless mute quiet secret silence silent speechless
🫥	点線の顔	dotted line face	どうでもいい ふーん 内向的 内気 憂鬱 落胆 顔 depressed disappear dotted face hidden hide introvert invisible line meh whatever wtv
😶‍🌫️	雲の中の顔	face in clouds	うわの空 ぼんやり 夢中 放心状態 顔 absentminded clouds face fog head
😏	薄笑いをする顔	smirking face	にやり ふっ 顔 boss dapper face flirt homie kidding leer shade slick sly smirk smug snicker suave suspicious swag
😒	しらけた	unamused face	ジト目 しらけ しらける つまらない やきもち 不満 顔 ... bored face fine jealous jel jelly pissed smh ugh uhh unamused unhappy weird whatever
🙄	上を見る顔	face with rolling eyes	あきれた うーん 上目 目をむく 顔 eyeroll eyes face rolling shade ugh whatever
😬	しかめ面	grimacing face	いー しかめっ面 しかめ顔 顔 awk awkward dentist face grimace grimacing grinning smile smiling
😮‍💨	息を吐く顔	face exhaling	あきらめ ため息 ほっとした 安心 息切れ 疲れた 顔 blow blowing exhale exhaling exhausted face gasp groan relief sigh smiley smoke whisper whistle
🤥	うそつきの顔	lying face	ピノキオの顔 嘘 嘘つき 顔 face liar lie lying pinocchio
🫨	震えている顔	shaking face	ガーン ショック なんてこった パニック ビックリ まいった 地震 振動 震えている 顔 crazy daze earthquake face omg panic shaking shock surprise vibrate whoa wow
🙂‍↔️	首を横に振る	head shaking horizontally	いいえ 不賛成 顔 首を振る head horizontally no shake shaking
🙂‍↕️	首を縦に振る	head shaking vertically	はい 頷く 顔 首を振る head nod shaking vertically yes
😌	ほっとした顔	relieved face	ほっ 安心 顔 calm face peace relief relieved zen
😔	しょぼーん	pensive face	がっかり しょんぼり 悲しい 考え込む顔 顔 awful bored dejected died disappointed face losing lost pensive sad sucks
😪	眠い	sleepy face	寝る 疲れた 眠そうな顔 眠っている顔 眠る 顔 crying face good night sad sleep sleeping sleepy tired
🤤	よだれを垂らした顔	drooling face	よだれ 顔 drooling face
😴	寝る	sleeping face	zzz おやすみ グーグー 寝顔 眠い 眠る 顔 bed bedtime face good goodnight nap night sleep sleeping tired whatever yawn
🫩	目にクマがある顔	face with bags under eyes	クマ 徹夜 疲れた 眠い 顔 bags bored exhausted eyes face fatigued late sleepy tired weary
😷	マスク顔	face with medical mask	ドクター マスク 医師 歯科医 病気 花粉症 顔 風邪 cold dentist dermatologist doctor dr face germs mask medical medicine sick
🤒	熱がある顔	face with thermometer	体温計 熱を測る 病気 顔 風邪 face ill sick thermometer
🤕	包帯を巻いた顔	face with head-bandage	ケガ ケガしてる顔 包帯 痛い 顔 bandage face head-bandage hurt injury ouch
🤢	吐き気を催している顔	nauseated face	具合の悪い顔 吐きそう 気持ち悪い 病気 顔 face gross nasty nauseated sick vomit
🤮	嘔吐する顔	face vomiting	げろ 吐く 気持ち悪い 病気 顔 barf ew face gross puke sick spew throw up vomit vomiting
🤧	くしゃみする顔	sneezing face	くしゃみ 花粉症 顔 風邪 face fever flu gesundheit sick sneeze sneezing
🥵	暑い顔	hot face	暑さ 死にそう 汗 熱中症 発熱 舌を出した顔 赤い顔 dying face feverish heat hot panting red-faced stroke sweating tongue
🥶	寒い顔	cold face	しもやけ つらら 凍え 寒さ 氷点下 青 青い顔 顔 blue blue-faced cold face freezing frostbite icicles subzero teeth
🥴	ふらふらの顔	woozy face	うつろな目 べろんべろん ほろ酔い めまい 中毒 dizzy drunk eyes face intoxicated mouth tipsy uneven wavy woozy
😵	めまい	face with crossed-out eyes	ふらふら 疲れた 病気 顔 crossed-out dead dizzy eyes face feels knocked out sick tired
😵‍💫	目を回した顔	face with spiral eyes	くらくら ふらふら めまい 渦巻き 目がぐるぐる 目が回る confused dizzy eyes face hypnotized omg smiley spiral trouble whoa woah woozy
🤯	頭爆発	exploding head	ショック びっくり ぼんっ 爆発 顔 驚き blown explode exploding head mind mindblown no shocked way
🤠	カウボーイの顔	cowboy hat face	カウガール カウボーイ 帽子 顔 cowboy cowgirl face hat
🥳	パーティーの顔	partying face	おめでとう お祝い パーティー ハッピーバースデー 帽子 笑顔 笛 誕生日 bday birthday celebrate celebration excited face happy hat hooray horn party partying
🥸	変装した顔	disguised face	ひげ メガネ 仮装 口ひげ 変装 顔 disguise eyebrow face glasses incognito moustache mustache nose person spy tache tash
😎	サングラスで笑顔	smiling face with sunglasses	クール サングラス スマイル 眼鏡 笑顔 顔 awesome beach bright bro chilling cool face rad relaxed shades slay smile style sunglasses swag win
🤓	オタク	nerd face	エキスパート ガリ勉 マニア メガネ 優等生 利口 知的 秀才 顔 brainy clever expert face geek gifted glasses intelligent nerd smart
🧐	モノクルを付けた顔	face with monocle	メガネ 上品 片眼鏡 考える 顔 classy face fancy monocle rich stuffy wealthy
😕	混乱	confused face	しかめ面 ふーん わからない 困惑 顔 befuddled confused confusing dunno face frown hm meh not sad sorry sure
🫤	口が斜めの顔	face with diagonal mouth	不信 不満 困惑 無気力 無関心 顔 confused confusion diagonal disappointed doubt doubtful face frustrated frustration meh mouth skeptical unsure whatever wtv
😟	悩む顔	worried face	困った 心配 悲しい 顔 anxious butterflies face nerves nervous sad stress stressed surprised worried worry
🙁	少し困った顔	slightly frowning face	しかめ面 困った 少し困った 顔 face frown frowning sad slightly
☹️	困った顔	frowning face	しかめ面 困った 悲しい 顔 face frown frowning sad
😮	口が開いた顔	face with open mouth	へー 信じられない 共感 顔 驚き believe face forgot mouth omg open shocked surprised sympathy unbelievable unreal whoa wow you
😯	ぽかーん	hushed face	すごいね びっくり びっくり顔 顔 驚き epic face hushed omg stunned surprised whoa woah
😲	びっくり	astonished face	えーっ びっくりした顔 まさか 顔 驚き 驚愕 astonished cost face no omg shocked totally way
😳	赤面	flushed face	えーっ とまどい 赤くなる 顔 驚き amazed awkward crazy dazed dead disbelief embarrassed face flushed geez heat hot impressed jeez what wow
🫪	ゆがんだ顔	distorted face	あぜん ショック ぼう然 不安 膨れた 驚いた anxiety bloated panic shocked surprised vulnerable
🥺	訴えるような顔	pleading face	お願い ぴえん 大きな目 子犬の目 悲しみ 情け 懇願 顔 begging big eyes face mercy not pleading please pretty puppy sad why
🥹	涙をこらえた顔	face holding back tears	うるうる 嬉し泣き 懇願 泣き顔 涙 顔 admiration aww back cry embarrassed face feelings grateful gratitude holding joy please proud resist sad tears
😦	あきれ顔	frowning face with open mouth	しかめ面 しかめ顔 ぽかーん 不本意 不満 口を開けた顔 呆然 顔 驚き caught face frown frowning guard mouth open scared scary surprise what wow
😧	苦悩	anguished face	困った顔 苦悶 顔 驚き anguished face forgot scared scary stressed surprise unhappy what wow
😨	青ざめ	fearful face	がーん 不安 怖い 青ざめた顔 顔 afraid anxious blame face fear fearful scared worried
😰	冷や汗青ざめ	anxious face with sweat	冷や汗 寒い 汗 青い顔 青ざめ 顔 anxious blue cold eek face mouth nervous open rushed scared sweat yikes
😥	どうしよう	sad but relieved face	困った 汗 顔 anxious call close complicated disappointed face not relieved sad sweat time whew
😢	泣き顔	crying face	ひどい 寂しい 悲しい 泣く 涙 顔 awful cry crying face feels miss sad tear triste unhappy
😭	大泣き	loudly crying face	号泣 号泣する顔 悲しい 泣く 涙 顔 bawling cry crying face loudly sad sob tear tears unhappy
😱	恐怖	face screaming in fear	がーん ショック 叫び 叫んでいる顔 顔 驚き epic face fear fearful munch scared scream screamer screaming shocked surprised woah
😖	困惑した顔	confounded face	困った 困惑 混乱 顔 annoyed confounded confused cringe distraught face feels frustrated mad sad
😣	我慢	persevering face	我慢する顔 頭痛 顔 concentrate concentration face focus headache persevere persevering
😞	失望した顔	disappointed face	がっかり がっくり 悲しい 残念 顔 awful blame dejected disappointed face fail losing sad unhappy
😓	冷や汗	downcast face with sweat	さむけ 汗 肝を冷やした 頭痛 顔 close cold downcast face feels headache nervous sad scared sweat yikes
😩	あきらめ	weary face	へとへと 泣き顔 疲れ 腹ぺこ 顔 crying face fail feels hungry mad nooo sad sleepy tired unhappy weary
😫	疲れた	tired face	くしゃみ 疲れ 疲れた顔 限界 顔 cost face feels nap sad sneeze tired
🥱	あくびした顔	yawning face	おやすみ ふあ～ 疲れ 眠い 退屈 顔 bedtime bored face goodnight nap night sleep sleepy tired whatever yawn yawning zzz
😤	勝ち誇った顔	face with steam from nose	ふんっ 得意気 怒り 顔 鼻息 anger angry face feels fume fuming furious fury mad nose steam triumph unhappy won
😡	ふくれっ面	enraged face	かんかん ぷんぷん 怒り 激怒 赤い顔 顔 anger angry enraged face feels mad maddening pouting rage red shade unhappy upset
😠	ぷんぷん	angry face	不満 怒った 怒った顔 怒り 顔 anger angry blame face feels frustrated mad maddening rage shade unhappy upset
🤬	ののしる	face with symbols on mouth	シンボルが口にある顔 ののしり 怒り 悪口 検閲 顔 censor cursing cussing face mad mouth pissed swearing symbols
😈	笑った悪魔	smiling face with horns	スマイル デビル 悪魔 笑顔 角 顔 demon devil evil face fairy fairytale fantasy horns purple shade smile smiling tale
👿	怒った悪魔	angry face with horns	かんかん デビル 悪魔 激怒 角 顔 angry demon devil evil face fairy fairytale fantasy horns imp mischievous purple shade tale
💀	ドクロ	skull	スカル 死 死者 頭蓋骨 顔 骸骨 body dead death face fairy fairytale i’m lmao monster tale yolo
☠️	ドクロと骨	skull and crossbones	スカル ドクロ 死 顔 骨 骸骨 bone crossbones dead death face monster skull
💩	うんち	pile of poo	うんこ 臭い 顔 bs comic doo dung face fml monster pile poo poop smelly smh stink stinks stinky turd
🤡	ピエロの顔	clown face	ピエロ 道化師 顔 clown face
👹	鬼	ogre	お面 なまはげ 化け物 怖い 顔 creature devil face fairy fairytale fantasy mask monster scary tale
👺	天狗	goblin	お面 怒り angry creature face fairy fairytale fantasy mask mean monster tale
👻	お化け	ghost	ゴースト ハロウィーン ユーレイ 幽霊 怖い boo creature excited face fairy fairytale fantasy halloween haunting monster scary silly tale
👽	エイリアン	alien	UFO ユーフォー 宇宙人 異星人 顔 creature extraterrestrial face fairy fairytale fantasy monster space tale ufo
👾	インベーダー	alien monster	エイリアン ゲーム スペースインベーダー モンスター 宇宙人 異星人 alien creature extraterrestrial face fairy fairytale fantasy game gamer games monster pixelated space tale ufo
🤖	ロボット	robot	ロボットの顔 顔 face monster
😺	にっこり笑う猫	grinning cat	スマイル 動物 猫 笑顔 顔 animal cat face grinning mouth open smile smiling
😸	にやっと笑う猫	grinning cat with smiling eyes	スマイル 動物 猫 笑う 笑顔 顔 animal cat eye eyes face grin grinning smile smiling
😹	嬉し泣きする猫	cat with tears of joy	スマイル 動物 涙 爆笑 猫 笑顔 顔 animal cat face joy laugh laughing lol tear tears
😻	目がハートの猫	smiling cat with heart-eyes	スマイル ハート 動物 猫 笑顔 顔 animal cat eye face heart heart-eyes love smile smiling
😼	にやりとする猫	cat with wry smile	にやり ふっ 動物 猫 顔 animal cat face ironic smile wry
😽	猫のキス	kissing cat	キス ちゅっ 動物 猫 顔 animal cat closed eye eyes face kiss kissing
🙀	絶望する猫	weary cat	がーん ショック びっくり 動物 猫 顔 animal cat face oh surprised weary
😿	泣いている猫	crying cat	動物 悲しい 泣く 涙 猫 顔 animal cat cry crying face sad tear
😾	不機嫌な猫	pouting cat	ぷんぷん 不機嫌 動物 猫 顔 animal cat face pouting
🙈	見ざる	see-no-evil monkey	三猿 動物 猿 目隠し 隠す embarrassed evil face forbidden forgot gesture hide monkey no omg prohibited scared secret smh watch
🙉	聞かざる	hear-no-evil monkey	三猿 猿 秘密 animal ears evil face forbidden gesture hear listen monkey no not prohibited secret shh tmi
🙊	言わざる	speak-no-evil monkey	三猿 内緒 黙る 猿 秘密 animal evil face forbidden gesture monkey no not oops prohibited quiet secret speak stealth
💌	ラブレター	love letter	ハート バレンタインデー 封筒 恋文 手紙 heart letter love mail romance valentine
💘	ハートに矢	heart with arrow	キューピッド ハート 矢 143 adorbs arrow cupid date emotion heart ily love romance valentine
💝	ハートにリボン	heart with ribbon	ハート バレンタインデー リボン 記念日 143 anniversary emotion heart ily kisses ribbon valentine xoxo
💖	きらきらハート	sparkling heart	きらきら キラキラ ハート 143 emotion excited good heart ily kisses morning night sparkle sparkling xoxo
💗	大きくなるハート	growing heart	ドキドキ ときめき ハート 143 emotion excited growing heart heartpulse ily kisses muah nervous pulse xoxo
💓	ドキドキするハート	beating heart	ドキドキ ハート 動悸 鼓動 143 beating cardio emotion heart heartbeat ily love pulsating pulse
💞	回転するハート	revolving hearts	かわいい ハート 143 adorbs anniversary emotion heart hearts revolving
💕	2つのハート	two hearts	デート ハート ラブ 記念日 143 anniversary date dating emotion heart hearts ily kisses love loving two xoxo
💟	ハートデコ	heart decoration	ハート ハートデコレーション 白いハート 紫のハート 143 decoration emotion heart hearth purple white
❣️	ハートのびっくり	heart exclamation	エクスクラメーションマーク ハート びっくりマーク exclamation heart heavy mark punctuation
💔	割れたハート	broken heart	ハート ハートブレイク 別れ 別れた 壊れたハート 失恋 break broken crushed emotion heart heartbroken lonely sad
❤️‍🔥	燃えるハート	heart on fire	ハート 愛 火の付いた 炎 聖なる心臓 burn fire heart love lust sacred
❤️‍🩹	包帯を巻いたハート	mending heart	ケガ ハート 傷ついた 傷心 包帯 healthier heart improving mending recovering recuperating well
❤️	赤いハート	red heart	ハート 愛 赤 emotion heart love red
🩷	ピンクのハート	pink heart	かわいい スペシャル ハート ピンク ラブ 好き 愛 愛してる 気持ち 143 adorable cute emotion heart ily like love pink special sweet
🧡	オレンジのハート	orange heart	オレンジ ハート 143 heart orange
💛	黄色のハート	yellow heart	ハート 愛 黄色 黄色いハート 143 cardiac emotion heart ily love yellow
💚	緑のハート	green heart	ハート 緑 143 emotion green heart ily love romantic
💙	青いハート	blue heart	ハート 青 143 blue emotion heart ily love romance
🩵	薄い青のハート	light blue heart	かわいい シアン ティールブルー ハート ラブ 好き 愛 水色 空色 薄い青 143 blue cute cyan emotion heart ily light like love sky special teal
💜	紫のハート	purple heart	ハート 愛 紫 143 bestest emotion heart ily love purple
🤎	茶色いハート	brown heart	ハート 茶色 143 brown heart
🖤	黒いハート	black heart	ハート 悪意 黒 black evil heart wicked
🩶	灰色のハート	grey heart	グレー スレートグレー ハート ラブ 好き 愛 灰色 銀色 143 emotion gray grey heart ily love silver slate special
🤍	白いハート	white heart	ハート 白 143 heart white
💋	キスマーク	kiss mark	キス セクシー ちゅっ 唇 dating emotion heart kiss kissing lips mark romance sexy
💯	100点満点	hundred points	100 100点 全問正解 満点 a+ agree clearly definitely faithful fleek full hundred keep perfect point score TRUE truth yup
💢	むかっ	anger symbol	＃ マンガ 怒った 怒り 怒りマーク anger angry comic mad symbol upset
🫯	ボカスカ	fight cloud	ケンカ バトル 争い 取っ組み合い 喧嘩 土煙 argument brawl debate disagreement fight ruckus wrestle
💥	衝突	collision	どんっ ぼんっ マンガ 爆発 衝撃 bomb boom collide comic explode
💫	くらくら	dizzy	きらきら キラキラ 星 流れ星 目が回る comic shining shooting star stars
💦	あせあせ	sweat droplets	しずく 水滴 汗 comic drip droplet droplets drops splashing squirt sweat water wet work workout
💨	ダッシュ	dashing away	マンガ 急ぐ 急げ 走る 逃げる away cloud comic dash dashing fart fast go gone gotta running smoke
🕳️	穴	hole	
💬	会話の吹き出し	speech balloon	セリフ トーク マンガ メッセージ 会話 吹き出し balloon bubble comic dialog message sms speech talk text typing
👁️‍🗨️	吹き出しの目	eye in speech bubble	吹き出し 目 目撃 balloon bubble eye speech witness
🗨️	吹き出し左	left speech bubble	セリフ 会話 吹き出し balloon bubble dialog left speech
🗯️	怒りの吹き出し	right anger bubble	吹き出し 怒り anger angry balloon bubble mad right
💭	雲形の吹き出し	thought balloon	マンガ もくもく 吹き出し 空想 考え事 雲 balloon bubble cartoon cloud comic daydream decisions dream idea invent invention realize think thoughts wonder
💤	グーグー	ZZZ	zzz いびき おやすみ マンガ 寝る 就寝中 comic good goodnight night sleep sleeping sleepy tired
👋	手を振る	waving hand	あいさつ さようなら バイバイ ハロー またね 手 bye cya g2g greetings gtg hand hello hey hi later outtie ttfn ttyl wave yo you
🤚	手の甲	raised back of hand	手 back backhand hand raised
🖐️	開いた手	hand with fingers splayed	ストップ パー 手 挙手 finger fingers hand raised splayed stop
✋	挙手	raised hand	5 ストップ パー 手 five hand high raised stop
🖖	バルカンの挨拶	vulcan salute	バルカンサイン バルカン人 手 finger hand hands salute Vulcan
🫱	右に向けた手	rightwards hand	右側 手 握手 方向 hand handshake hold reach right rightward rightwards shake
🫲	左に向けた手	leftwards hand	左側 手 握手 方向 hand handshake hold left leftward leftwards reach shake
🫳	下に向けた手	palm down hand	下 手 拾う 落とす dismiss down drop dropped hand palm pick shoo up
🫴	上に向けた手	palm up hand	おいで ちょうだい 上 受ける 差し出す 手 beckon catch come hand hold know lift me offer palm tell
🫷	左向きに押している手	leftwards pushing hand	ストップ ちょっと待って ハイタッチ 左向き 待った 待て 手 押す 断る 止まれ block five halt hand high hold leftward leftwards pause push pushing refuse slap stop wait
🫸	右向きに押している手	rightwards pushing hand	ストップ ちょっと待って ハイタッチ 右向き 待った 待て 手 押す 断る 止まれ block five halt hand high hold pause push pushing refuse rightward rightwards slap stop wait
👌	OKの手	OK hand	OK オーケー オッケー つまむ 手 awesome bet dope fleek fosho got gotcha hand legit okay pinch rad sure sweet three
🤌	上向きにすぼめた手	pinched fingers	ジェスチャー すぼめる 手 指 fingers gesture hand hold huh interrogation patience pinched relax sarcastic ugh what zip
🤏	つまんでいる指	pinching hand	ちょっと 少しだけ 手 指 amount bit fingers hand little pinching small sort
✌️	Vサイン	victory hand	チョキ ピース 手 指 hand peace v victory
🤞	指をクロス	crossed fingers	幸運を 手 指 cross crossed finger fingers hand luck
🫰	親指と人差し指をクロス	hand with index finger and thumb crossed	お金 愛 手 指 指ハート 指をクロス <3 crossed expensive finger hand heart index love money snap thumb
🤟	アイラブユー	love-you gesture	愛してる 手 fingers gesture hand ILY love love-you three you
🤘	角の指サイン	sign of the horns	キツネ ロックオン 人差し指と小指を立てた手 手 finger hand horns rock-on sign
🤙	電話の合図	call me hand	手 電話 電話のジェスチャー call hand hang loose me Shaka
👈	左指差し	backhand index pointing left	左 手 指 指差し backhand finger hand index left point pointing
👉	右指差し	backhand index pointing right	右 手 指 指差し backhand finger hand index point pointing right
👆	手の甲上指差し	backhand index pointing up	上 手 指 指差し backhand finger hand index point pointing up
🖕	立てた中指	middle finger	上 中指 手 指 指差し finger hand middle
👇	下指差し	backhand index pointing down	下 手 指 指差し backhand down finger hand index point pointing
☝️	上指差し	index pointing up	上 手 指差し finger hand index point pointing this up
🫵	人を指差している手	index pointing at the viewer	おまえだ 手 指 指差し 指摘 at finger hand index pointing poke viewer you
👍	サムズアップ	thumbs up	OK いいね オーケー オッケー グッド 上 了解 手 親指 +1 good hand like thumb up yes
👎	サムズダウン	thumbs down	NG だめ ブーイング ボツ 下 手 -1 bad dislike down good hand no nope thumb thumbs
✊	げんこつ	raised fist	グー こぶし 手 挙げたこぶし clenched fist hand punch raised solidarity
👊	グー	oncoming fist	げんこつ こぶし パンチ 手 absolutely agree boom bro bruh bump clenched correct fist hand knuckle oncoming pound punch rock ttyl
🤛	左向きのこぶし	left-facing fist	こぶし パンチ 左 手 fist left-facing leftwards
🤜	右向きのこぶし	right-facing fist	こぶし パンチ 右 手 fist right-facing rightwards
👏	拍手	clapping hands	おめでとう パチパチ 手 手を叩く applause approval awesome clap congrats congratulations excited good great hand homie job nice prayed well yay
🙌	バンザイ	raising hands	ジェスチャー 両手 手 手を上げる celebration gesture hand hands hooray praise raised raising
🫶	ハート形の手	heart hands	ハート ハートポーズ ラブ 両手ハート 愛 手 <3 hands heart love you
👐	両手のひら	open hands	おっはー 手 手のひら 開いた両手 hand hands hug jazz open swerve
🤲	手のひらを揃えた両手	palms up together	両手 包む手 手 祈り cupped dua hands palms pray prayer together up wish
🤝	握手	handshake	よろしく 合意 契約成立 手 agreement deal hand meeting shake
🙏	祈り	folded hands	ありがとう お願い ごめんなさい ジェスチャー ハイタッチ 合掌 手 appreciate ask beg blessed bow cmon five folded gesture hand high please pray thanks thx
✍️	書いている手	writing hand	手 手で書く 手書き hand write writing
💅	マニキュアを塗る手	nail polish	ネイル マニキュア 爪 bored care cosmetics done makeup manicure nail polish whatever
🤳	セルフィー	selfie	カメラ スマホ 自分撮り 自撮り camera phone
💪	力こぶ	flexed biceps	ボディビル ムキムキ 筋トレ 筋肉 腕 arm beast bench biceps bodybuilder bro curls flex gains gym jacked muscle press ripped strong weightlift
🦾	義手	mechanical arm	アクセシビリティ 人工装具 手 腕 accessibility arm mechanical prosthetic
🦿	義足	mechanical leg	アクセシビリティ 人工装具 脚 足 accessibility leg mechanical prosthetic
🦵	脚	leg	キック 曲げた脚 膝 足 bent foot kick knee limb
🦶	足	foot	キック くるぶし ダンス 足首 踏みつける ankle feet kick stomp
👂	耳	ear	からだ 聞き耳 聞く body ears hear hearing listen listening sound
🦻	補聴器を付けた耳	ear with hearing aid	アクセシビリティ 耳 聴覚 難聴 accessibility aid ear hard hearing
👃	鼻	nose	からだ body noses nosey odor smell smells
🧠	脳	brain	知識 脳みそ 頭 intelligent smart
🫀	心臓	anatomical heart	心拍 脈 臓器 鼓動 anatomical beat cardiology heart heartbeat organ pulse real red
🫁	肺	lungs	呼吸 臓器 breath breathe exhalation inhalation lung organ respiration
🦷	歯	tooth	歯医者 白い歯 dentist pearly teeth white
🦴	骨	bone	犬 骨格 bones dog skeleton wishbone
👀	目	eyes	からだ 両目 動く目玉 body eye face googly look looking omg peep see seeing
👁️	片目	eye	からだ 一つ目 目 1 body one
👅	舌	tongue	からだ べー べろ body lick slurp
👄	口	mouth	からだ キス 唇 beauty body kiss kissing lips lipstick
🫦	唇を咬んでいる口	biting lip	セクシー チッ 口 口惜しさ 唇 悔しい 誘惑 anxious bite biting fear flirt flirting kiss lip lipstick nervous sexy uncomfortable worried worry
👶	赤ん坊	baby	ベビー 子供 新生児 赤ちゃん 顔 babies children goo infant newborn pregnant young
🧒	子供	child	キッズ 中性的 子ども 顔 bright-eyed grandchild kid young younger
👦	男の子	boy	子供 少年 顔 bright-eyed child grandson kid son young younger
👧	女の子	girl	おさげ 女 娘 子供 少女 顔 bright-eyed child daughter granddaughter kid Virgo young younger zodiac
🧑	大人	person	中性的 成人 顔 adult
👱	金髪の人	person: blond hair	ブロンド 人 人間 金髪 顔 blond blond-haired human person
👨	男性	man	大人 男 顔 adult bro
🧔	あごひげの人	person: beard	あごひげ ひげ 人 顔 beard bearded person whiskers
🧔‍♂️	あごひげの男性	man: beard	あごひげ ひげ 男 顔 beard bearded man whiskers
🧔‍♀️	あごひげの女性	woman: beard	あごひげ ひげ 女 顔 beard bearded whiskers woman
👩	女性	woman	大人 女 顔 adult lady
👱‍♀️	金髪の女性	woman: blond hair	ブロンド 女 女性 金髪 blond blond-haired blonde hair woman
👱‍♂️	金髪の男性	man: blond hair	ブロンド 男 男性 金髪 blond blond-haired hair man
🧓	お年寄り	older person	中性的 大人 老人 顔 高齢者 adult elderly grandparent old person wise
👴	おじいさん	old man	おじいちゃん お年寄り 男性 老人 薄毛 顔 高齢者 adult bald elderly gramps grandfather grandpa man old wise
👵	おばあさん	old woman	おばあちゃん お年寄り 女性 老人 顔 高齢者 adult elderly grandma grandmother granny lady old wise woman
🙍	しかめ面の人	person frowning	しかめっ面 しかめ顔 むっとしている人 不満 失望 annoyed disappointed disgruntled disturbed frown frowning frustrated gesture irritated person upset
🙍‍♂️	しかめ面の男	man frowning	しかめっ面 しかめ顔 むっとしている男 男 男性 annoyed disappointed disgruntled disturbed frown frowning frustrated gesture irritated man upset
🙍‍♀️	しかめ面の女	woman frowning	しかめっ面 しかめ顔 女 女性 annoyed disappointed disgruntled disturbed frown frowning frustrated gesture irritated upset woman
🙎	不機嫌な人	person pouting	ふくれる ぷんぷん 不機嫌 口を尖らせた人 険しい表情 disappointed downtrodden frown grimace person pouting scowl sulk upset whine
🙎‍♂️	不機嫌な男	man pouting	ぷんぷん 不機嫌 口を尖らせた男 男 男性 disappointed downtrodden frown grimace man pouting scowl sulk upset whine
🙎‍♀️	不機嫌な女	woman pouting	ぷんぷん 不機嫌 女 女性 disappointed downtrodden frown grimace pouting scowl sulk upset whine woman
🙅	ダメのポーズをする人	person gesturing NO	NG お断り ジェスチャー だめ バツ 人 禁止 禁止された 除外 forbidden gesture hand NO not person prohibit
🙅‍♂️	ダメのポーズをする男	man gesturing NO	NG ジェスチャー バツ 男 男性 禁止 forbidden gesture hand man NO not prohibit
🙅‍♀️	ダメのポーズをする女	woman gesturing NO	NG ジェスチャー バツ 女 女性 forbidden gesture hand NO not prohibit woman
🙆	OKのポーズをする人	person gesturing OK	OK エクササイズ オーケー ジェスチャー びっくり 丸 人 手 exercise gesture gesturing hand omg person
🙆‍♂️	OKのポーズをする男	man gesturing OK	OK オーケー オッケー ジェスチャー 丸 男 男性 exercise gesture gesturing hand man omg
🙆‍♀️	OKのポーズをする女	woman gesturing OK	オーケー オッケー ジェスチャー 丸 女性 exercise gesture gesturing hand OK omg woman
💁	案内する人	person tipping hand	ゴシップ ジェスチャー 受付 受付嬢 手を返している人 案内 案内する女 髪をかき上げる 髪を振り払う fetch flick flip gossip hand person sarcasm sarcastic sassy seriously tipping whatever
💁‍♂️	案内する男	man tipping hand	ジェスチャー 案内 男 男性 fetch flick flip gossip hand man sarcasm sarcastic sassy seriously tipping whatever
💁‍♀️	案内する女	woman tipping hand	ジェスチャー 女 女性 案内 fetch flick flip gossip hand sarcasm sarcastic sassy seriously tipping whatever woman
🙋	手を挙げる人	person raising hand	ジェスチャー 人 分かった 手 手を挙げる 挙手 質問 gesture hand here know me person pick question raise raising
🙋‍♂️	手を挙げる男	man raising hand	手を挙げる 挙手 男 男性 gesture hand here know man me pick question raise raising
🙋‍♀️	手を挙げる女	woman raising hand	女 女性 手を挙げる 挙手 gesture hand here know me pick question raise raising woman
🧏	耳の不自由な人	deaf person	アクセシビリティ 人 聞こえない 聴覚 障がい accessibility deaf ear gesture hear person
🧏‍♂️	耳の不自由な男性	deaf man	アクセシビリティ 男性 聴覚 障がい accessibility deaf ear gesture hear man
🧏‍♀️	耳の不自由な女性	deaf woman	アクセシビリティ 女性 聴覚 障がい accessibility deaf ear gesture hear woman
🙇	おじぎする人	person bowing	おじぎ お願い ごめんなさい ジェスチャー 土下座 許して 謝罪 apology ask beg bow bowing favor forgive gesture meditate meditation person pity regret sorry
🙇‍♂️	おじぎする男	man bowing	おじぎ ごめんなさい 土下座 男 男性 apology ask beg bow bowing favor forgive gesture man meditate meditation pity regret sorry
🙇‍♀️	おじぎする女	woman bowing	おじぎ ごめんなさい 土下座 女 女性 apology ask beg bow bowing favor forgive gesture meditate meditation pity regret sorry woman
🤦	ひたいに手をあてる人	person facepalming	あちゃー うそでしょ ジェスチャー ショック ひたいに手 またか 人 信じられない again bewilder disbelief exasperation facepalm no not oh omg person shock smh
🤦‍♂️	ひたいに手をあてる男	man facepalming	あちゃー うそでしょ ジェスチャー ショック ひたいに手 またか 信じられない 男 男性 again bewilder disbelief exasperation facepalm man no not oh omg shock smh
🤦‍♀️	ひたいに手をあてる女	woman facepalming	あちゃー うそでしょ ジェスチャー ショック ひたいに手 またか 信じられない 女 女性 again bewilder disbelief exasperation facepalm no not oh omg shock smh woman
🤷	お手上げする人	person shrugging	お手上げ さあね ジェスチャー わかりません 人 多分ね 知らない 肩をすくめる doubt dunno guess idk ignorance indifference knows maybe person shrug shrugging whatever who
🤷‍♂️	お手上げする男	man shrugging	お手上げ さあね ジェスチャー わかりません 多分ね 男 男性 知らない 肩をすくめる doubt dunno guess idk ignorance indifference knows man maybe shrug shrugging whatever who
🤷‍♀️	お手上げする女	woman shrugging	お手上げ さあね ジェスチャー わかりません 多分ね 女 女性 知らない 肩をすくめる doubt dunno guess idk ignorance indifference knows maybe shrug shrugging whatever who woman
🧑‍⚕️	医者	health worker	セラピスト 医師 doctor health healthcare nurse therapist worker
👨‍⚕️	男性の医者	man health worker	セラピスト ドクター 医師 医者 男 男性 doctor health healthcare man nurse therapist worker
👩‍⚕️	女性の医者	woman health worker	セラピスト ドクター 医師 医者 女 女医 女性 doctor health healthcare nurse therapist woman worker
🧑‍🎓	学生	student	卒業 角帽 graduate
👨‍🎓	男子学生	man student	卒業 学生 男 男性 角帽 graduate man student
👩‍🎓	女子学生	woman student	卒業 女 女性 学生 角帽 graduate student woman
🧑‍🏫	教師	teacher	先生 担任 教授 講師 instructor lecturer professor
👨‍🏫	男性の教師	man teacher	先生 教師 教授 男 男性 講師 instructor lecturer man professor teacher
👩‍🏫	女性の教師	woman teacher	先生 女 女性 教師 教授 講師 instructor lecturer professor teacher woman
🧑‍⚖️	裁判官	judge	裁判 justice law scales
👨‍⚖️	男性の裁判官	man judge	男 男性 裁判 裁判官 judge justice law man scales
👩‍⚖️	女性の裁判官	woman judge	女 女性 裁判 裁判官 judge justice law scales woman
🧑‍🌾	農家	farmer	ガーデナー 農場主 農業 gardener rancher
👨‍🌾	農家の男性	man farmer	男 男性 農夫 農家 farmer gardener man rancher
👩‍🌾	農家の女性	woman farmer	女 女性 農家 farmer gardener rancher woman
🧑‍🍳	コック	cook	シェフ 料理 chef
👨‍🍳	男性のコック	man cook	コック シェフ 料理 料理人 男 男性 chef cook man
👩‍🍳	女性のコック	woman cook	コック シェフ 女 女性 料理 料理人 chef cook woman
🧑‍🔧	整備士	mechanic	スパナ メカニック 作業員 工作 electrician plumber tradesperson
👨‍🔧	男性の整備士	man mechanic	スパナ メカニック 工作 男 男性 配管工 電気工 electrician man mechanic plumber tradesperson
👩‍🔧	女性の整備士	woman mechanic	スパナ メカニック 女 女性 工作 配管工 電気工 electrician mechanic plumber tradesperson woman
🧑‍🏭	溶接工	factory worker	モノづくり 工員 工場 assembly factory industrial worker
👨‍🏭	男性の溶接工	man factory worker	工員 溶接 男 男性 assembly factory industrial man worker
👩‍🏭	女性の溶接工	woman factory worker	女 女性 工員 溶接 assembly factory industrial woman worker
🧑‍💼	会社員	office worker	サラリーマン ビジネスパーソン architect business manager office white-collar worker
👨‍💼	男性会社員	man office worker	サラリーマン ビジネスパーソン ビジネスマン 会社員 男性 architect business man manager office white-collar worker
👩‍💼	女性会社員	woman office worker	OL サラリーマン ビジネスパーソン 会社員 女 女性 architect business manager office white-collar woman worker
🧑‍🔬	科学者	scientist	化学者 物理学者 生物学者 biologist chemist engineer mathematician physicist
👨‍🔬	男性科学者	man scientist	男 男性 科学者 biologist chemist engineer man mathematician physicist scientist
👩‍🔬	女性科学者	woman scientist	女 女性 科学者 biologist chemist engineer mathematician physicist scientist woman
🧑‍💻	技術者	technologist	コンピュータ パソコン プログラマ 開発者 coder computer developer inventor software
👨‍💻	男性技術者	man technologist	コンピュータ デベロッパ パソコン プログラマ プログラマー 男 男性 開発者 coder computer developer inventor man software technologist
👩‍💻	女性技術者	woman technologist	コンピュータ デベロッパ パソコン プログラマ プログラマー 女 女性 開発者 coder computer developer inventor software technologist woman
🧑‍🎤	歌手	singer	アーティスト シンガー スター ロッカー actor entertainer rock rockstar star
👨‍🎤	男性歌手	man singer	アーティスト エンターテイナー シンガー スター ロックスター 俳優 歌手 男 男性 actor entertainer man rock rockstar singer star
👩‍🎤	女性歌手	woman singer	アーティスト エンターテイナー シンガー スター ロックスター 俳優 女 女性 歌手 actor entertainer rock rockstar singer star woman
🧑‍🎨	芸術家	artist	アーティスト 画家 絵描き palette
👨‍🎨	男性の芸術家	man artist	アーティスト 男 男性 画家 芸術家 artist man palette
👩‍🎨	女性の芸術家	woman artist	アーティスト パレット 女 女性 画家 芸術家 artist palette woman
🧑‍✈️	パイロット	pilot	操縦士 機長 plane
👨‍✈️	男性パイロット	man pilot	パイロット 操縦士 男 男性 man pilot plane
👩‍✈️	女性パイロット	woman pilot	女 女性 操縦士 pilot plane woman
🧑‍🚀	宇宙飛行士	astronaut	ロケット rocket space
👨‍🚀	男性宇宙飛行士	man astronaut	宇宙飛行士 男 男性 astronaut man rocket space
👩‍🚀	女性宇宙飛行士	woman astronaut	女 女性 宇宙飛行士 astronaut rocket space woman
🧑‍🚒	消防士	firefighter	レスキュー 救助隊 fire firetruck
👨‍🚒	男性消防士	man firefighter	消防士 男 男性 fire firefighter firetruck man
👩‍🚒	女性消防士	woman firefighter	女 女性 消防士 fire firefighter firetruck woman
👮	警察官	police officer	お巡りさん 警官 警察 逮捕する apprehend arrest citation cop law officer over police pulled undercover
👮‍♂️	男性警察官	man police officer	お巡りさん 男性 警官 警察 警察官 apprehend arrest citation cop law man officer over police pulled undercover
👮‍♀️	女性警察官	woman police officer	お巡りさん 女性 警官 警察 警察官 apprehend arrest citation cop law officer over police pulled undercover woman
🕵️	探偵	detective	スパイ 私立探偵 虫めがね sleuth spy
🕵️‍♂️	男性の探偵	man detective	探偵 男 男性 虫めがね detective man sleuth spy
🕵️‍♀️	女性の探偵	woman detective	女 女性 探偵 私立探偵 虫めがね detective sleuth spy woman
💂	衛兵	guard	守衛 警備 門番 buckingham helmet london palace
💂‍♂️	男性の衛兵	man guard	守衛 男性 衛兵 警備 門番 buckingham guard helmet london man palace
💂‍♀️	女性の衛兵	woman guard	女性 守衛 衛兵 警備 門番 buckingham guard helmet london palace woman
🥷	忍者	ninja	スパイ 人 忍び 忍術 草の者 隠密 assassin fight fighter hidden person secret skills sly soldier stealth war
👷	建設作業員	construction worker	ハンマー ヘルメット 作業員 工事 建設 build construction fix hardhat hat man person rebuild remodel repair work worker
👷‍♂️	男性の建設作業員	man construction worker	ハンマー ヘルメット 作業員 工事 建設 男 男性 build construction fix hardhat hat man rebuild remodel repair work worker
👷‍♀️	女性の建設作業員	woman construction worker	ハンマー ヘルメット 作業員 女 女性 工事 建設 build construction fix hardhat hat man rebuild remodel repair woman work worker
🫅	王冠をかぶった人	person with crown	君主 国王 女王 王 王家 王族 王様 crown monarch noble person regal royal royalty
🤴	プリンス	prince	王子 王族 男 男性 crown fairy fairytale fantasy king royal royalty tale
👸	プリンセス	princess	お姫さま クイーン 冠 女 女性 女王 王女 王妃 crown fairy fairytale fantasy queen royal royalty tale
👳	ターバンの人	person wearing turban	ターバン 帽子 person turban wearing
👳‍♂️	ターバンの男性	man wearing turban	ターバン 男 男性 man turban wearing
👳‍♀️	ターバンの女性	woman wearing turban	ターバン 女 女性 turban wearing woman
👲	中華帽の男性	person with skullcap	おわん帽 男 男性 cap Chinese gua guapi hat mao person pi skullcap
🧕	スカーフの女性	woman with headscarf	スカーフ ヒジャブ ベール 女 女性 bandana head headscarf hijab kerchief mantilla tichel woman
🤵	タキシードの人	person in tuxedo	タキシード フォーマル 人 正装 結婚 formal person tuxedo wedding
🤵‍♂️	タキシードの男性	man in tuxedo	タキシード タキシードの男 男 男性 formal groom man tuxedo wedding
🤵‍♀️	タキシードの女性	woman in tuxedo	タキシード タキシードの女 女 女性 formal tuxedo wedding woman
👰	ベールの人	person with veil	ウェディング ベール 人 結婚 顔 person veil wedding
👰‍♂️	ベールの男性	man with veil	ベール 男 男性 man veil wedding
👰‍♀️	ベールの女性	woman with veil	ベール 女 女性 bride veil wedding woman
🤰	妊婦	pregnant woman	女 女性 妊娠 pregnant woman
🫃	妊夫	pregnant man	妊娠 妊娠した人 男 男性 食べ過ぎ belly bloated full man overeat pregnant
🫄	妊娠した人	pregnant person	お腹 妊夫 妊娠 妊婦 食べ過ぎ belly bloated full overeat person pregnant stuffed
🤱	授乳	breast-feeding	ミルク 女 女性 赤ちゃん baby breast feeding mom mother nursing woman
👩‍🍼	授乳する女性	woman feeding baby	ママ 人 女 女性 授乳 新生児 母親 赤ちゃん baby feed feeding mom mother nanny newborn nursing woman
👨‍🍼	授乳する男性	man feeding baby	パパ 人 授乳 新生児 父親 男 男性 赤ちゃん baby dad father feed feeding man nanny newborn nursing
🧑‍🍼	授乳する人	person feeding baby	人 授乳 新生児 母親 父親 赤ちゃん baby feed feeding nanny newborn nursing parent
👼	天使	baby angel	エンジェル エンゼル 赤ちゃん天使 顔 angel baby church face fairy fairytale fantasy tale
🎅	サンタ	Santa Claus	クリスマス サンタクロース 顔 celebration Christmas claus fairy fantasy father holiday merry santa tale xmas
🤶	女性のサンタ	Mrs. Claus	クリスマス サンタクロース 女 女性 celebration Christmas claus fairy fantasy holiday merry mother Mrs santa tale xmas
🧑‍🎄	サンタさん	Mx Claus	クリスマス サンタ サンタクロース 人 帽子 celebration Christmas claus fairy fantasy holiday merry Mx santa tale xmas
🦸	スーパーヒーロー	superhero	スーパーマン ヒーロー ヒロイン 善 巨大勢力 超人 good hero superpower
🦸‍♂️	男性のスーパーヒーロー	man superhero	ヒーロー 善 男性 超人 good hero man superhero superpower
🦸‍♀️	女性のスーパーヒーロー	woman superhero	ヒーロー ヒロイン 善 女性 超人 good hero heroine superhero superpower woman
🦹	悪役	supervillain	ヴィラン 人 悪 悪い人 悪人 悪玉 犯人 犯罪者 超悪玉 bad criminal evil superpower villain
🦹‍♂️	男性の悪役	man supervillain	ヴィラン 悪 犯人 男性 超人 bad criminal evil man superpower supervillain villain
🦹‍♀️	女性の悪役	woman supervillain	ヴィラン 女性 悪 犯人 超人 bad criminal evil superpower supervillain villain woman
🧙	魔法使い	mage	ファンタジー ロールプレイ 召喚 呪文 魔女 魔法 魔術師 fantasy magic play sorcerer sorceress sorcery spell summon witch wizard
🧙‍♂️	男の魔法使い	man mage	男 男性 魔法使い fantasy mage magic man play sorcerer sorceress sorcery spell summon witch wizard
🧙‍♀️	女の魔法使い	woman mage	女 女性 魔女 魔法使い fantasy mage magic play sorcerer sorceress sorcery spell summon witch wizard woman
🧚	妖精	fairy	おとぎ話 オベロン パック ファンタジー 伝説 神話 童話 魔法 fairytale fantasy myth person pixie tale wings
🧚‍♂️	男の妖精	man fairy	妖精 男 男性 fairy fairytale fantasy man myth Oberon person pixie Puck tale wings
🧚‍♀️	女の妖精	woman fairy	女 女性 妖精 fairy fairytale fantasy myth person pixie tale Titania wings woman
🧛	吸血鬼	vampire	ドラキュラ ハロウィーン バンパイア 不死身 恐怖 歯 牙 血 blood Dracula fangs halloween scary supernatural teeth undead
🧛‍♂️	男の吸血鬼	man vampire	ドラキュラ バンパイア 吸血鬼 男 男性 blood fangs halloween man scary supernatural teeth undead vampire
🧛‍♀️	女の吸血鬼	woman vampire	ドラキュラ バンパイア 吸血鬼 女 女性 blood fangs halloween scary supernatural teeth undead vampire woman
🧜	人魚	merperson	おとぎ話 サイレン マーメイド 伝説 半魚人 海の生物 海底 creature fairytale folklore ocean sea siren trident
🧜‍♂️	マーマン	merman	人魚 男 男性 creature fairytale folklore Neptune ocean Poseidon sea siren trident Triton
🧜‍♀️	マーメイド	mermaid	人魚 女 女性 creature fairytale folklore merwoman ocean sea siren trident
🧝	エルフ	elf	ファンタジー 伝説 妖精 神秘的 神話 魔力 魔法 elves enchantment fantasy folklore magic magical myth
🧝‍♂️	男のエルフ	man elf	エルフ 男 男性 elf elves enchantment fantasy folklore magic magical man myth
🧝‍♀️	女のエルフ	woman elf	エルフ 女 女性 elf elves enchantment fantasy folklore magic magical myth woman
🧞	精霊	genie	ジニー ファンタジー ランプをこする 不可思議 神話 魔人 djinn fantasy jinn lamp myth rub wishes
🧞‍♂️	男の精霊	man genie	男 男性 精霊 魔神 djinn fantasy genie jinn lamp man myth rub wishes
🧞‍♀️	女の精霊	woman genie	女 女性 精霊 魔神 djinn fantasy genie jinn lamp myth rub wishes woman
🧟	ゾンビ	zombie	アンデッド ハロウィーン ホラー 大災害 恐怖 歩く屍 apocalypse dead halloween horror scary undead walking
🧟‍♂️	男のゾンビ	man zombie	ゾンビ ホラー 男 男性 apocalypse dead halloween horror man scary undead walking zombie
🧟‍♀️	女のゾンビ	woman zombie	ゾンビ ホラー 女 女性 apocalypse dead halloween horror scary undead walking woman zombie
🧌	トロール	troll	おとぎ話 ファンタジー モンスター fairy fantasy monster tale trolling
🫈	毛むくじゃらの生物	hairy creature	イエティ サスカッチ ビッグフット 巨人 未確認動物 森 毛むくじゃら bigfoot cryptid forest giant hairy sasquatch woodwose yeti
💆	フェイスマッサージ中の人	person getting massage	エステ サロン スパ セラピー フェイスマッサージ マッサージ リラックス 施術 癒し face getting headache massage person relax relaxing salon soothe spa tension therapy treatment
💆‍♂️	フェイスマッサージ中の男	man getting massage	エステ フェイスマッサージ マッサージ リラックス 男 男性 顔 face getting headache man massage relax relaxing salon soothe spa tension therapy treatment
💆‍♀️	フェイスマッサージ中の女	woman getting massage	エステ フェイスマッサージ マッサージ 女 女性 face getting headache massage relax relaxing salon soothe spa tension therapy treatment woman
💇	散髪される人	person getting haircut	カット ヘアカット 床屋 理容室 理容院 美容室 美容院 髪 barber beauty chop cosmetology cut groom hair haircut parlor person shears style
💇‍♂️	散髪される男	man getting haircut	カット ヘアカット 床屋 理容室 理容院 男 男性 美容室 美容院 barber beauty chop cosmetology cut groom hair haircut man parlor person shears style
💇‍♀️	散髪される女	woman getting haircut	ヘアカット 女性 床屋 美容室 美容院 barber beauty chop cosmetology cut groom hair haircut parlor person shears style woman
🚶	歩く人	person walking	ウォーキング ハイキング ぶらつく 人 大股 散歩 歩く 歩行 歩行者 amble gait hike man pace pedestrian person stride stroll walk walking
🚶‍♂️	歩く男	man walking	ウォーキング 歩行 歩行者 男性 amble gait hike man pace pedestrian stride stroll walk walking
🚶‍♀️	歩く女	woman walking	ウォーキング ハイキング 女性 散歩 歩く 歩行 歩行者 amble gait hike man pace pedestrian stride stroll walk walking woman
🧍	立つ人	person standing	人 立っている 起立 person stand standing
🧍‍♂️	立つ男	man standing	男性 起立 man stand standing
🧍‍♀️	立つ女	woman standing	女性 起立 stand standing woman
🧎	正座する人	person kneeling	ひざまずく 人 座る kneel kneeling knees person
🧎‍♂️	正座する男性	man kneeling	ひざまずく 座る 男性 kneel kneeling knees man
🧎‍♀️	正座する女性	woman kneeling	ひざまずく 女性 座る kneel kneeling knees woman
🧑‍🦯	杖をついた人	person with white cane	アクセシビリティ 目 視覚 障がい accessibility blind cane person probing white
👨‍🦯	杖をついた男性	man with white cane	アクセシビリティ 男性 白杖をついた男性 目 視覚 障がい accessibility blind cane man probing white
👩‍🦯	杖をついた女性	woman with white cane	アクセシビリティ 女性 白杖をついた女性 目 視覚 障がい accessibility blind cane probing white woman
🧑‍🦼	電動車椅子の人	person in motorized wheelchair	アクセシビリティ 車いす 障がい accessibility motorized person wheelchair
👨‍🦼	電動車椅子の男性	man in motorized wheelchair	アクセシビリティ 男性 車いす 障がい accessibility man motorized wheelchair
👩‍🦼	電動車椅子の女性	woman in motorized wheelchair	アクセシビリティ 女性 車いす 障がい accessibility motorized wheelchair woman
🧑‍🦽	手動式車椅子の人	person in manual wheelchair	アクセシビリティ 車いす 障がい accessibility manual person wheelchair
👨‍🦽	手動式車椅子の男性	man in manual wheelchair	アクセシビリティ 男性 車いす 障がい accessibility man manual wheelchair
👩‍🦽	手動式車椅子の女性	woman in manual wheelchair	アクセシビリティ 女性 車いす 障がい accessibility manual wheelchair woman
🏃	走る人	person running	ジョギング マラソン ランナー ランニング 急ぐ 走る 駆け足 fast hurry marathon move person quick race racing run rush speed
🏃‍♂️	走る男	man running	ジョギング マラソン ランナー ランニング 男性 fast hurry man marathon move quick race racing run rush speed
🏃‍♀️	走る女	woman running	ジョギング マラソン ランナー ランニング 女性 急ぐ 走る 駆け足 fast hurry marathon move quick race racing run rush speed woman
🧑‍🩰	バレエダンサー	ballet dancer	ダンサー バレエ ballet dancer
💃	踊る女	woman dancing	サルサ タンゴ ダンサー ダンス フラメンコ 女 女性 踊り子 dance dancer dancing elegant festive flair flamenco groove let’s salsa tango woman
🕺	踊る男	man dancing	サルサ タンゴ ダンサー ダンス フラメンコ 男 男性 dance dancer dancing elegant festive flair flamenco groove let’s man salsa tango
🕴️	浮いてるビジネスマン	person in suit levitating	スーツ ビジネスマン 男 男性 空中浮遊 business levitating person suit
👯	バニー	people with bunny ears	うさ耳 ずっ友 そっくり ダンサー パーティ ペア 双子 相方 親友 bestie bff bunny counterpart dancer double ear identical pair party partying people soulmate twin twinsies
👯‍♂️	バニーボーイ	men with bunny ears	うさ耳 ダンサー パーティー 男 男性 親友 bestie bff bunny counterpart dancer double ear identical men pair party partying people soulmate twin twinsies
👯‍♀️	バニーガール	women with bunny ears	うさ耳 ダンサー パーティー 女 女性 bestie bff bunny counterpart dancer double ear identical pair party partying people soulmate twin twinsies women
🧖	サウナに入る人	person in steamy room	くつろぐ サウナ スパ リラックス 蒸しぶろ 蒸気 day luxurious pamper person relax room sauna spa steam steambath unwind
🧖‍♂️	サウナに入る男	man in steamy room	サウナ 男 男性 day luxurious man pamper relax room sauna spa steam steambath unwind
🧖‍♀️	サウナに入る女	woman in steamy room	サウナ 女 女性 day luxurious pamper relax room sauna spa steam steambath unwind woman
🧗	山を登る人	person climbing	ロッククライマー 山 山登り 登る 登山 climb climber climbing mountain person rock scale up
🧗‍♂️	山を登る男	man climbing	山登り 男 男性 登山 climb climber climbing man mountain rock scale up
🧗‍♀️	山を登る女	woman climbing	女 女性 山登り 登山 climb climber climbing mountain rock scale up woman
🤺	フェンシングをする人	person fencing	スポーツ フェンシング fencer fencing person sword
🏇	競馬	horse racing	ジョッキー スポーツ 乗馬 競走馬 馬 騎手 horse jockey racehorse racing riding sport
⛷️	スキーヤー	skier	スキー ストック スポーツ ski snow
🏂	スノーボーダー	snowboarder	スノーボード スノボ スポーツ ski snow snowboard sport
🏌️	ゴルフをする人	person golfing	ゴルフ ゴルファー スポーツ 打ちっぱなし 球技 ball birdie caddy driving golf golfing green person pga putt range tee
🏌️‍♂️	ゴルフをする男	man golfing	ゴルフ ゴルファー スポーツ 男 男性 ball birdie caddy driving golf golfing green man pga putt range tee
🏌️‍♀️	ゴルフをする女	woman golfing	ゴルフ ゴルファー スポーツ 女 女性 球技 ball birdie caddy driving golf golfing green pga putt range tee woman
🏄	サーフィンする人	person surfing	サーファー サーフィン スポーツ 波 波乗り 海 beach ocean person sport surf surfer surfing swell waves
🏄‍♂️	サーフィンする男	man surfing	サーファー スポーツ 波乗り 男 男性 beach man ocean sport surf surfer surfing swell waves
🏄‍♀️	サーフィンする女	woman surfing	サーファー スポーツ 女 女性 波乗り beach ocean person sport surf surfer surfing swell waves
🚣	ボートをこぐ人	person rowing boat	オール カヌー カヤック スポーツ パドル ボート 手漕ぎボート 漕ぐ 船 boat canoe cruise fishing lake oar paddle person raft river row rowboat rowing
🚣‍♂️	ボートをこぐ男	man rowing boat	カヌー カヤック スポーツ 男性 船 boat canoe cruise fishing lake man oar paddle raft river row rowboat rowing
🚣‍♀️	ボートをこぐ女	woman rowing boat	カヌー カヤック スポーツ ボート 女 女性 手漕ぎボート 船 boat canoe cruise fishing lake oar paddle raft river row rowboat rowing woman
🏊	泳ぐ人	person swimming	クロール スイマー スイミング スイム スポーツ トライアスロン 水泳 自由形 freestyle person sport swim swimmer swimming triathlon
🏊‍♂️	泳ぐ男	man swimming	スイマー スイミング スイム スポーツ 水泳 男性 freestyle man sport swim swimmer swimming triathlon
🏊‍♀️	泳ぐ女	woman swimming	スイマー スイミング スイム スポーツ 女 女性 水泳 freestyle man sport swim swimmer swimming triathlon
⛹️	バスケットボールをする人	person bouncing ball	スポーツ ドリブル バスケ バスケットボール バスケットボール選手 球技 athletic ball basketball bouncing championship dribble net person player throw
⛹️‍♂️	バスケットボールをする男	man bouncing ball	スポーツ バスケ バスケットボール 球技 男性 athletic ball basketball bouncing championship dribble man net player throw
⛹️‍♀️	バスケットボールをする女	woman bouncing ball	スポーツ ドリブル バスケ バスケットボール 女性 球技 athletic ball basketball bouncing championship dribble net player throw woman
🏋️	重量挙げをする人	person lifting weights	ウェイトリフティング スポーツ デッドリフト バーベル パワーリフティング ボディビルダー 筋トレ 運動 重量挙げ barbell bodybuilder deadlift lifter lifting person powerlifting weight weightlifter weights workout
🏋️‍♂️	重量挙げをする男	man lifting weights	ウェイトリフティング スポーツ 男 男性 barbell bodybuilder deadlift lifter lifting man powerlifting weight weightlifter weights workout
🏋️‍♀️	重量挙げをする女	woman lifting weights	ウェイトリフティング スポーツ 女 女性 barbell bodybuilder deadlift lifter lifting powerlifting weight weightlifter weights woman workout
🚴	自転車に乗る人	person biking	サイクリスト サイクリング スポーツ ロードバイク ロードレース 競輪 自転車 自転車乗り bicycle bicyclist bike biking cycle cyclist person riding sport
🚴‍♂️	自転車に乗る男	man biking	サイクリング スポーツ ロードレース 男性 競輪 bicycle bicyclist bike biking cycle cyclist man riding sport
🚴‍♀️	自転車に乗る女	woman biking	サイクリスト サイクリング スポーツ ロードレース 女 女性 競輪 自転車 自転車乗り bicycle bicyclist bike biking cycle cyclist riding sport woman
🚵	マウンテンバイクに乗る人	person mountain biking	サイクリスト サイクリング スポーツ マウンテンバイク 山 競技 自転車 自転車乗り bicycle bicyclist bike biking cycle cyclist mountain person riding sport
🚵‍♂️	マウンテンバイクに乗る男	man mountain biking	サイクリング スポーツ 男 男性 自転車 bicycle bicyclist bike biking cycle cyclist man mountain riding sport
🚵‍♀️	マウンテンバイクに乗る女	woman mountain biking	サイクリスト サイクリング スポーツ 女 女性 自転車 自転車乗り bicycle bicyclist bike biking cycle cyclist mountain riding sport woman
🤸	側転する人	person cartwheeling	スポーツ トンボ返り 体操 側転 幸せ 活動的 活発 興奮 active cartwheel cartwheeling excited flip gymnastics happy person somersault
🤸‍♂️	側転する男	man cartwheeling	スポーツ トンボ返り 体操 側転 幸せ 活発 男性 興奮 active cartwheel cartwheeling excited flip gymnastics happy man somersault
🤸‍♀️	側転する女	woman cartwheeling	スポーツ トンボ返り 体操 側転 女性 幸せ 活発 興奮 active cartwheel cartwheeling excited flip gymnastics happy somersault woman
🤼	レスリングする人	people wrestling	スポーツ デュエル リング内 レスラー レスリング レスリング大会 取っ組み合い 格闘 combat duel grapple people ring tournament wrestle wrestling
🤼‍♂️	レスリングする男	men wrestling	スポーツ デュエル リング内 レスリング レスリングをする レスリング大会 取っ組み合い 格闘 男性 combat duel grapple men ring tournament wrestle wrestling
🤼‍♀️	レスリングする女	women wrestling	スポーツ デュエル リング内 レスリング レスリングをする レスリング大会 取っ組み合い 女性 格闘 combat duel grapple ring tournament women wrestle wrestling
🤽	水球をする人	person playing water polo	スポーツ 水上競技 水泳 水球 球技 person playing polo sport swimming water waterpolo
🤽‍♂️	水球をする男	man playing water polo	スポーツ 水上競技 水泳 水球 球技 男性 man playing polo sport swimming water waterpolo
🤽‍♀️	水球をする女	woman playing water polo	スポーツ 女性 水上競技 水泳 水球 球技 playing polo sport swimming water waterpolo woman
🤾	ハンドボールをする人	person playing handball	アスリート キャッチ スポーツ スローする ハンドボール ボール 投げる 放る 球技 athletics ball catch chuck handball hurl lob person pitch playing sport throw toss
🤾‍♂️	ハンドボールをする男	man playing handball	スポーツ ハンドボール 球技 男 男性 athletics ball catch chuck handball hurl lob man pitch playing sport throw toss
🤾‍♀️	ハンドボールをする女	woman playing handball	キャッチ スポーツ スローする ハンドボール ボール 女性 投げる 放る 球技 athletics ball catch chuck handball hurl lob pitch playing sport throw toss woman
🤹	ジャグリングをする人	person juggling	ジャグラー ジャグリング ジャグリングする人 バランス演技 マルチタスク 大道芸 操る act balance balancing handle juggle juggling manage multitask person skill
🤹‍♂️	ジャグリングをする男	man juggling	ジャグラー ジャグリング バランス演技 マルチタスク 大道芸 操る 男性 act balance balancing handle juggle juggling man manage multitask skill
🤹‍♀️	ジャグリングをする女	woman juggling	ジャグラー ジャグリング 大道芸 女 女性 act balance balancing handle juggle juggling manage multitask skill woman
🧘	ヨガのポーズをする人	person in lotus position	くつろぎ ヨガ ヨガ行者 リラックス 平安 瞑想 禅 胡坐 蓮華座のポーズ cross legged legs lotus meditation peace person position relax serenity yoga yogi zen
🧘‍♂️	ヨガのポーズをする男	man in lotus position	ヨガ 男 男性 瞑想 cross legged legs lotus man meditation peace position relax serenity yoga yogi zen
🧘‍♀️	ヨガのポーズをする女	woman in lotus position	ヨガ 女 女性 瞑想 cross legged legs lotus meditation peace position relax serenity woman yoga yogi zen
🛀	風呂に入る人	person taking bath	バスタブ 浴槽 風呂 bath bathtub person taking tub
🛌	ベッドに寝る人	person in bed	おやすみ グーグー ベッド ホテル 寝る 就寝中 bed bedtime good goodnight hotel nap night person sleep tired zzz
🧑‍🤝‍🧑	手をつなぐ2人	people holding hands	カップル つなぐ 人 友達 恋人 手 手をつなぐ bae bestie bff couple dating flirt friends hand hold people twins
👭	手をつなぐ女性	women holding hands	カップル 友情 友達 同性 女 姉妹 恋人 bae bestie bff couple dating flirt friends girls hand hold sisters twins women
👫	手をつなぐ男女	woman and man holding hands	カップル 友達 女 女性 恋人 男 男女 男性 異性 bae bestie bff couple dating flirt friends hand hold man twins woman
👬	手をつなぐ男性	men holding hands	カップル 兄弟 友達 双子 同性 恋人 男 男性 bae bestie bff boys brothers couple dating flirt friends hand hold men twins
💏	2人でキス	kiss	カップル キス ちゅっ ハート 記念日 anniversary babe bae couple date dating heart love mwah person romance together xoxo
💑	カップルとハート	couple with heart	カップル ハート 恋人 熱々 記念日 anniversary babe bae couple dating heart kiss love person relationship romance together you
🗣️	話す人のシルエット	speaking head	シルエット 話す 顔 face head silhouette speak speaking
👤	人のシルエット	bust in silhouette	1人 シルエット 上半身 謎の人 bust mysterious shadow silhouette
👥	2人のシルエット	busts in silhouette	2人 シルエット 上半身 友達 bff bust busts everyone friend friends people silhouette
🫂	ハグする人	people hugging	ありがとう お別れ こんにちは さようなら ハグ 友情 慰め 抱擁 挨拶 comfort embrace farewell friendship goodbye hello hug hugging love people thanks
👪	家族	family	子供 親子 child
🧑‍🧑‍🧒	家族: 大人二人と子供一人	family: adult, adult, child	大人二人 子供一人 家族 親子 adult child family
🧑‍🧑‍🧒‍🧒	家族: 大人二人と子供二人	family: adult, adult, child, child	大人二人 子供二人 家族 親子 adult child family
🧑‍🧒	家族: 大人一人と子供一人	family: adult, child	大人一人 子供一人 家族 親子 adult child family
🧑‍🧒‍🧒	家族: 大人一人と子供二人	family: adult, child, child	大人一人 子供二人 家族 親子 adult child family
👣	足あと	footprints	裸足 足 barefoot clothing footprint omw print walk
🫆	指紋	fingerprint	セキュリティ 生体認証 鑑識 clue crime detective forensics identity mystery print safety trace
🐵	サルの顔	monkey face	サル 動物 猿 顔 animal banana face monkey
🐒	サル	monkey	動物 猿 animal banana
🦍	ゴリラ	gorilla	動物 顔 animal
🦧	オランウータン	orangutan	サル 動物 森の人 猿 animal ape monkey
🐶	イヌの顔	dog face	イヌ ペット 動物 子犬 犬 顔 adorbs animal dog face pet puppies puppy
🐕	イヌ	dog	ペット 動物 犬 animal animals dogs pet
🦮	盲導犬	guide dog	アクセシビリティ 犬 視覚 補助 補助犬 障がい accessibility animal blind dog guide
🐕‍🦺	介助犬	service dog	アクセシビリティ サービス 犬 補助 accessibility animal assistance dog service
🐩	プードル	poodle	ペット 動物 犬 animal dog fluffy
🐺	オオカミの顔	wolf	オオカミ 動物 狼 顔 animal face
🦊	キツネの顔	fox	キツネ 動物 狐 顔 animal face
🦝	アライグマ	raccoon	ずる賢い 動物 好奇心 詮索好き animal curious sly
🐱	ネコの顔	cat face	ネコ ペット 動物 子猫 猫 顔 animal cat face kitten kitty pet
🐈	ネコ	cat	ペット 動物 猫 animal animals cats kitten pet
🐈‍⬛	黒猫	black cat	ネコ 不吉 動物 猫 黒 animal black cat feline halloween meow unlucky
🦁	ライオンの顔	lion	しし座 ライオン 動物 星座 顔 alpha animal face Leo mane order rawr roar safari strong zodiac
🐯	トラの顔	tiger face	トラ 動物 虎 顔 animal big cat face predator tiger
🐅	トラ	tiger	タイガー 動物 肉食動物 虎 animal big cat predator zoo
🐆	ヒョウ	leopard	動物 肉食動物 animal big cat predator zoo
🐴	馬の顔	horse face	ウマ 動物 顔 馬 animal dressage equine face farm horse horses
🫎	ヘラジカ	moose	エルク ムース 動物 哺乳類 枝角 鹿 alces animal antlers elk mammal
🫏	ロバ	donkey	ケッテイ ラバ 動物 哺乳類 馬 animal ass burro hinny mammal mule stubborn
🐎	馬	horse	ウマ ダービー 乗馬 動物 家畜 競走馬 競馬 animal equestrian farm racehorse racing
🦄	ユニコーンの顔	unicorn	ユニコーン 一角獣 動物 顔 face
🦓	シマウマ	zebra	しましま ゼブラ 動物 縞 animal stripe
🦌	シカ	deer	動物 顔 鹿 animal
🦬	バイソン	bison	バッファロー 動物 牛 群れ 野牛 animal buffalo herd wisent
🐮	牛の顔	cow face	ウシ 動物 牛 顔 animal cow face farm milk moo
🐂	牡牛	ox	ウシ おうし座 動物 星座 牛 animal animals bull farm Taurus zodiac
🐃	水牛	water buffalo	バッファロー 動物 牛 animal buffalo water zoo
🐄	牝牛	cow	ウシ 乳牛 動物 家畜 牛 animal animals farm milk moo
🐷	ブタの顔	pig face	ブタ 動物 豚 顔 animal bacon face farm pig pork
🐖	ブタ	pig	ポーク 動物 家畜 豚 animal bacon farm pork sow
🐗	イノシシ	boar	動物 猪 顔 animal pig
🐽	ブタ鼻	pig nose	ブタ 動物 豚 顔 鼻 animal face farm nose pig smell snout
🐏	牡羊	ram	おひつじ座 ヒツジ 動物 星座 羊 animal Aries horns male sheep zodiac zoo
🐑	羊	ewe	ウール ヒツジ 動物 家畜 羊毛 animal baa farm female fluffy lamb sheep wool
🐐	山羊	goat	ヤギ やぎ座 動物 家畜 星座 animal Capricorn farm milk zodiac
🐪	ラクダ	camel	コブ ヒトコブラクダ 動物 砂漠 animal desert dromedary hump one
🐫	フタコブラクダ	two-hump camel	コブ フタコブ ラクダ 動物 砂漠 animal bactrian camel desert hump two two-hump
🦙	ラマ	llama	アルパカ ウール グアナコ ビクーナ 動物 羊毛 alpaca animal guanaco vicuña wool
🦒	キリン	giraffe	動物 animal spots
🐘	ゾウ	elephant	動物 象 animal
🦣	マンモス	mammoth	動物 巨大 牙 絶滅 animal extinction large tusk wooly
🦏	サイ	rhinoceros	動物 顔 animal
🦛	カバ	hippopotamus	動物 animal hippo
🐭	ネズミの顔	mouse face	ねずみ ネズミ 動物 顔 animal face mouse
🐁	ハツカネズミ	mouse	ねずみ ネズミ マウス 動物 animal animals
🐀	ネズミ	rat	ねずみ ラット 動物 animal
🐹	ハムスターの顔	hamster	ネズミ ハムスター ペット 動物 顔 animal face pet
🐰	ウサギの顔	rabbit face	うさぎ ウサギ ペット 動物 顔 animal bunny face pet rabbit
🐇	ウサギ	rabbit	うさぎ ペット 動物 animal bunny pet
🐿️	リス	chipmunk	シマリス りす 動物 animal squirrel
🦫	ビーバー	beaver	ダム作り 動物 animal dam teeth
🦔	ハリネズミ	hedgehog	とげ はりねずみ ヤマアラシ 動物 animal spiny
🦇	コウモリ	bat	こうもり バンパイア 動物 吸血鬼 animal vampire
🐻	クマの顔	bear	くま クマ 動物 熊 顔 animal face grizzly growl honey
🐻‍❄️	シロクマ	polar bear	クマ ホッキョクグマ 動物 北極 白 animal arctic bear polar white
🐨	コアラ	koala	動物 顔 animal australia bear down face marsupial under
🐼	パンダの顔	panda	パンダ 動物 顔 animal bamboo face
🦥	ナマケモノ	sloth	のんびり ものぐさ 動物 lazy slow
🦦	カワウソ	otter	ラッコ 動物 遊び好き 魚を食べる animal fishing playful
🦨	スカンク	skunk	動物 悪臭 animal stink
🦘	カンガルー	kangaroo	オーストラリア ジャンプ ジョーイ 動物 有袋類 animal joey jump marsupial
🦡	アナグマ	badger	ミツアナグマ ラーテル 動物 animal honey pester
🐾	肉球	paw prints	動物 犬 猫 足跡 feet paw paws print prints
🦃	七面鳥	turkey	ターキー 動物 鳥 bird gobble thanksgiving
🐔	にわとり	chicken	ニワトリ 動物 顔 鳥 animal bird ornithology
🐓	おんどり	rooster	にわとり ニワトリ 動物 鳥 animal bird ornithology
🐣	卵からかえったひよこ	hatching chick	ひな ひよこ 動物 卵 顔 鳥 animal baby bird chick egg hatching
🐤	ひよこ	baby chick	ひな 動物 横を向いているひよこ 顔 鳥 animal baby bird chick ornithology
🐥	前を向いているひよこ	front-facing baby chick	ひな ひよこ 動物 鳥 animal baby bird chick front-facing newborn ornithology
🐦	鳥	bird	動物 顔 animal ornithology
🐧	ペンギン	penguin	動物 顔 鳥 animal antarctica bird ornithology
🕊️	ハト	dove	動物 平和 鳥 鳩 bird fly ornithology peace
🦅	ワシ	eagle	イーグル 動物 鳥 animal bird ornithology
🦆	カモ	duck	動物 鳥 animal bird ornithology
🦢	白鳥	swan	ひな みにくいアヒルの子 動物 鳥 animal bird cygnet duckling ornithology ugly
🦉	フクロウ	owl	ミミズク 動物 鳥 animal bird ornithology wise
🦤	ドードー	dodo	モーリシャス島 絶滅 飛べない鳥 鳥 animal bird extinction large ornithology
🪶	羽	feather	羽根 羽毛 軽い 飛ぶ 鳥 bird flight light plumage
🦩	フラミンゴ	flamingo	ピンク色 動物 派手 熱帯 鳥 animal bird flamboyant ornithology tropical
🦚	クジャク	peacock	ピーコック 孔雀 派手 鳥 animal bird colorful ornithology ostentatious peahen pretty proud
🦜	オウム	parrot	しゃべる 動物 海賊 鳥 animal bird ornithology pirate talk
🪽	翼	wing	天使 天国 神話 空 羽 飛び立つ 飛ぶ 飛行 鳥 angelic ascend aviation bird fly flying heavenly mythology soar
🐦‍⬛	黒い鳥	black bird	カーカー カラス くちばし コクチョウ ミヤマガラス ワタリガラス 烏 鳥 鳥類 黒 animal beak bird black caw corvid crow ornithology raven rook
🪿	ガチョウ	goose	アヒル ガーガー まぬけ 鳥 鳥類 animal bird duck flock fowl gaggle gander geese honk ornithology silly
🐦‍🔥	フェニックス	phoenix	ファンタジー 不死鳥 再生 復活 火の鳥 生まれ変わり 神話 転生 輪廻 ascend ascension emerge fantasy firebird glory immortal rebirth reincarnation reinvent renewal revival revive rise transform
🐸	カエルの顔	frog	カエル 動物 顔 animal face
🐊	ワニ	crocodile	クロコダイル 動物 爬虫類 animal zoo
🐢	カメ	turtle	亀 動物 爬虫類 animal terrapin tortoise
🦎	トカゲ	lizard	ヤモリ 動物 爬虫類 animal reptile
🐍	ヘビ	snake	へびつかい座 動物 星座 毒 爬虫類 animal bearer Ophiuchus serpent zodiac
🐲	ドラゴンの顔	dragon face	ドラゴン 動物 竜 顔 龍 animal dragon face fairy fairytale tale
🐉	ドラゴン	dragon	動物 竜 龍 animal fairy fairytale knights tale
🦕	草食恐竜	sauropod	ディプロドクス ブラキオサウルス ブロントサウルス 恐竜 竜脚類 brachiosaurus brontosaurus dinosaur diplodocus
🦖	ティラノサウルス	T-Rex	恐竜 dinosaur Rex T Tyrannosaurus
🐳	潮吹きクジラ	spouting whale	クジラ 動物 潮吹き animal beach face ocean spouting whale
🐋	クジラ	whale	動物 animal beach ocean
🐬	イルカ	dolphin	ドルフィン 動物 animal beach flipper ocean
🫍	シャチ	orca	クジラ 海 海洋 marine ocean whale
🦭	アザラシ	seal	アシカ オットセイ トド 動物 海獣 animal lion ocean sea
🐟	魚	fish	うお座 フィッシング 動物 星座 釣り animal dinner fishes fishing Pisces zodiac
🐠	熱帯魚	tropical fish	動物 魚 animal fish fishes tropical
🐡	フグ	blowfish	動物 魚 animal fish
🦈	サメ	shark	動物 魚 animal fish
🐙	タコ	octopus	オクトパス 動物 軟体動物 animal creature ocean
🐚	巻き貝	spiral shell	動物 貝 貝殻 animal beach conch sea shell spiral
🪸	サンゴ	coral	気候変動 海 珊瑚礁 change climate ocean reef sea
🪼	クラゲ	jellyfish	プランクトン 刺す 毒 水族館 海 海洋生物 無脊椎動物 触手 針 animal aquarium burn invertebrate jelly life marine ocean ouch plankton sea sting stinger tentacles
🦀	カニ	crab	動物 星座 Cancer zodiac
🦞	ザリガニ	lobster	シーフード はさみ ビスク レッドロブスター ロブスター 動物 animal bisque claws seafood
🦐	エビ	shrimp	シーフード シュリンプ 動物 小エビ food shellfish small
🦑	イカ	squid	シーフード 動物 軟体動物 animal food mollusk
🦪	牡蠣	oyster	オイスター カキ シーフード ダイビング 生ガキ 真珠 貝 魚介 diving pearl
🐌	かたつむり	snail	エスカルゴ カタツムリ でんでん虫 虫 animal escargot garden nature slug
🦋	チョウ	butterfly	バタフライ 昆虫 虫 蝶 insect pretty
🐛	毛虫	bug	イモムシ 芋虫 虫 animal garden insect
🐜	アリ	ant	昆虫 虫 animal garden insect
🐝	ミツバチ	honeybee	ハチ 虫 蜂 animal bee bumblebee honey insect nature spring
🪲	カブトムシ	beetle	つの 昆虫 虫 animal bug insect
🐞	テントウムシ	lady beetle	てんとう虫 虫 animal beetle garden insect lady ladybird ladybug nature
🦗	バッタ	cricket	コオロギ 昆虫 直翅目 虫 animal bug grasshopper insect Orthoptera
🪳	ゴキブリ	cockroach	害虫 虫 animal insect pest roach
🕷️	クモ	spider	スパイダー 虫 animal insect
🕸️	クモの巣	spider web	ウェブ クモ スパイダー spider web
🦂	サソリ	scorpion	さそり座 星座 虫 Scorpio Scorpius zodiac
🦟	蚊	mosquito	ウイルス マラリア 刺す 熱 病気 虫 bite disease fever insect malaria pest virus
🪰	ハエ	fly	不潔 害虫 病原菌 虫 animal disease insect maggot pest rotting
🪱	ミミズ	worm	寄生虫 虫 animal annelid earthworm parasite
🦠	微生物	microbe	アメーバ ウイルス バクテリア 科学 細菌 amoeba bacteria science virus
💐	花束	bouquet	ブーケ 植物 花 anniversary birthday date flower love plant romance
🌸	桜	cherry blossom	サクラ 植物 花 開花 blossom cherry flower plant spring springtime
💮	大変よくできました	white flower	はなまる よくできました 花 flower white
🪷	ハスの花	lotus	ヒンドゥー教 仏教 極楽 清浄 花 beauty Buddhism calm flower Hinduism peace purity serenity
🏵️	花飾り	rosette	植物 花 plant
🌹	バラ	rose	ローズ 植物 花 薔薇 赤いバラ beauty elegant flower love plant red valentine
🥀	しおれた花	wilted flower	しおれた 花 dying flower wilted
🌺	ハイビスカス	hibiscus	植物 花 flower plant
🌻	ヒマワリ	sunflower	ひまわり 花 flower outdoors plant sun
🌼	開花	blossom	キンポウゲ 咲いた花 植物 花 buttercup dandelion flower plant
🌷	チューリップ	tulip	植物 花 開花 blossom flower growth plant
🪻	ヒヤシンス	hyacinth	スミレ色 ブルーボネット ライラック ラベンダー 植物 紫色 花 青紫 bloom bluebonnet flower indigo lavender lilac lupine plant purple shrub snapdragon spring violet
🌱	新芽	seedling	双葉 芽 plant sapling sprout young
🪴	鉢植え	potted plant	ベランダ 植木鉢 植物 水やり 緑 苗 観葉植物 decor grow house nurturing plant pot potted
🌲	常緑樹	evergreen tree	木 森 christmas evergreen forest pine tree
🌳	落葉樹	deciduous tree	木 森 deciduous forest green habitat shedding tree
🌴	ヤシの木	palm tree	ビーチ ヤシ 木 熱帯 beach palm plant tree tropical
🌵	サボテン	cactus	植物 砂漠 desert drought nature plant
🌾	稲	sheaf of rice	ススキ 稲穂 穀物 米 草 ear grain grains plant rice sheaf
🌿	ハーブ	herb	草 葉 薬草 香草 leaf plant
☘️	クローバー	shamrock	植物 草 葉 irish plant
🍀	四つ葉のクローバー	four leaf clover	4 クローバー 植物 草 葉 clover four four-leaf irish leaf lucky plant
🍁	かえで	maple leaf	カエデ もみじ 紅葉 落ち葉 葉 falling leaf maple
🍂	落ち葉	fallen leaf	木の葉 枯れ葉 葉 葉っぱ autumn fall fallen falling leaf
🍃	風に揺れる葉	leaf fluttering in wind	木の葉 落ち葉 葉 葉っぱ 風 blow flutter fluttering leaf wind
🪹	空っぽの巣	empty nest	営巣 巣 巣作り branch empty home nest nesting
🪺	鳥の卵と巣	nest with eggs	卵 営巣 巣 巣作り 鳥の巣 bird branch egg eggs nest nesting
🍄	キノコ	mushroom	きのこ マッシュルーム 毒 菌類 野菜 fungus toadstool
🪾	枯れ木	leafless tree	不毛 冬 干ばつ 葉のない木 bare barren branches dead drought leafless tree trunk winter wood
🍇	ぶどう	grapes	グレープ ブドウ 果物 Dionysus fruit grape
🍈	メロン	melon	マスクメロン 果物 野菜 cantaloupe fruit
🍉	スイカ	watermelon	果物 野菜 fruit
🍊	みかん	tangerine	オレンジ ネクタリン ビタミンＣ 果物 柑橘類 c citrus fruit nectarine orange vitamin
🍋	レモン	lemon	果物 柑橘類 酸っぱい citrus fruit sour
🍋‍🟩	ライム	lime	さわやか トロピカル フルーツ マルガリータ モヒート 果物 柑橘類 緑 酸っぱい acidity citrus cocktail fruit garnish key margarita mojito refreshing salsa sour tangy tequila tropical zest
🍌	バナナ	banana	カリウム 果物 fruit potassium
🍍	パイナップル	pineapple	トロピカル パイン 果物 colada fruit pina tropical
🥭	マンゴー	mango	トロピカル フルーツ 果物 食べ物 food fruit tropical
🍎	赤リンゴ	red apple	アップル りんご 果物 apple diet food fruit health red ripe
🍏	青リンゴ	green apple	アップル りんご 果物 apple fruit green
🍐	洋ナシ	pear	ナシ 果物 西洋ナシ fruit
🍑	桃	peach	ピーチ 果物 fruit
🍒	さくらんぼ	cherries	チェリー 果物 berries cherry fruit red
🍓	いちご	strawberry	ストロベリー 果物 苺 berry fruit
🫐	ブルーベリー	blueberries	ビルベリー ベリー 果物 食べ物 berries berry bilberry blue blueberry food fruit
🥝	キウイフルーツ	kiwi fruit	キウイ 果物 food fruit kiwi
🍅	トマト	tomato	果物 野菜 food fruit vegetable
🫒	オリーブ	olive	実 果実 食べ物 food
🥥	ココナツ	coconut	ココナッツ ヤシの実 果物 colada palm piña
🥑	アボカド	avocado	果物 野菜 food fruit
🍆	ナス	eggplant	野菜 aubergine vegetable
🥔	ジャガイモ	potato	イモ じゃがいも ポテト 野菜 food vegetable
🥕	人参	carrot	ニンジン 野菜 food vegetable
🌽	とうもろこし	ear of corn	コーン トウモロコシ 野菜 corn crops ear farm maize maze
🌶️	とうがらし	hot pepper	辛い 野菜 香辛料 hot pepper
🫑	ピーマン	bell pepper	とうがらし パプリカ 野菜 青ピーマン bell capsicum food pepper vegetable
🥒	キュウリ	cucumber	ピクルス 漬け物 野菜 food pickle vegetable
🥬	葉野菜	leafy green	キャベツ ケール サラダ チンゲン菜 レタス bok burgers cabbage choy green kale leafy lettuce salad
🥦	ブロッコリー	broccoli	野菜 cabbage wild
🧄	ニンニク	garlic	ガーリック におい 薬味 野菜 香り flavoring
🧅	タマネギ	onion	ねぎ 玉ねぎ 薬味 野菜 flavoring
🥜	ピーナッツ	peanuts	ナッツ 落花生 野菜 food nut peanut vegetable
🫘	豆	beans	キドニービーンズ ビーンズ レッドキドニー 小豆 赤インゲン豆 金時豆 食べ物 food kidney legume small
🌰	くり	chestnut	栗 野菜 almond plant
🫚	ショウガ	ginger root	ジンジャー スパイス ハーブ 生姜 薬味 薬草 beer ginger health herb natural root spice
🫛	エンドウ豆	pea pod	グリーンピース さや 大豆 枝豆 豆 野菜 beans beanstalk edamame legume pea pod soybean vegetable veggie
🍄‍🟫	きのこ	brown mushroom	キノコ しいたけ トリュフ ブラウンマッシュルーム ポートベロー マッシュルーム 椎茸 茸 菌類 food fungi fungus mushroom nature pizza portobello shiitake shroom spore sprout toppings truffle vegetable vegetarian veggie
🫜	根菜	root vegetable	カブ ビーツ 庭 根 野菜 beet food garden radish root salad turnip vegetable vegetarian
🍞	食パン	bread	パン ベーカリー 小麦 carbs food grain loaf restaurant toast wheat
🥐	クロワッサン	croissant	パン フランス ベーカリー bread breakfast crescent food french roll
🥖	バゲット	baguette bread	パン フランスパン ベーカリー baguette bread food french
🫓	フラットブレッド	flatbread	アレパ ナン パン ピタパン ラバシ 食べ物 arepa bread food gordita lavash naan pita
🥨	プレッツェル	pretzel	ねじり パン convoluted twisted
🥯	ベーグル	bagel	クリームチーズ パン パン屋 ベーカリー 朝食 bakery bread breakfast schmear
🥞	パンケーキ	pancakes	ホットケーキ breakfast crêpe food hotcake pancake
🧇	ワッフル	waffle	ふんわり 朝食 焼き菓子 breakfast indecisive iron
🧀	チーズ	cheese wedge	cheese wedge
🍖	骨付き肉	meat on bone	もも肉 肉 骨 bone meat
🍗	鶏もも肉	poultry leg	チキン もも肉 肉 骨 骨付き肉 bone chicken drumstick hungry leg poultry turkey
🥩	ステーキ肉	cut of meat	ステーキ ビーフ ポーク ラム 肉 赤身肉 chop cut lambchop meat porkchop red steak
🥓	ベーコン	bacon	肉 breakfast food meat
🍔	ハンバーガー	hamburger	バーガー ファストフード burger eat fast food hungry
🍟	フライドポテト	french fries	ファストフード フレンチフライ ポテト ポテトフライ fast food french fries
🍕	ピザ	pizza	チーズ ピッツァ ペパロニ cheese food hungry pepperoni slice
🌭	ホットドッグ	hot dog	ソーセージ フランクフルト dog frankfurter hot hotdog sausage
🥪	サンドイッチ	sandwich	パン bread
🌮	タコス	taco	メキシカン メキシコ料理 mexican
🌯	ブリトー	burrito	ソフトタコス メキシカン メキシコ料理 ラップサンド mexican wrap
🫔	タマル	tamale	タマレス ちまき パモーニャ メキシカン 食べ物 food mexican pamonha wrapped
🥙	ケバブサンド	stuffed flatbread	ケバブ ピタパン ラップサンド falafel flatbread food gyro kebab stuffed
🧆	ファラフェル	falafel	コロッケ ヒヨコマメ 肉団子 chickpea meatball
🥚	卵	egg	breakfast food
🍳	料理	cooking	フライパン レストラン 卵 朝食 目玉焼き breakfast easy egg fry frying over pan restaurant side sunny up
🥘	パエリア	shallow pan of food	シーフード パエリア鍋 casserole food paella pan shallow
🍲	なべ	pot of food	シチュー スープ 煮物 煮込み food pot soup stew
🫕	フォンデュ	fondue	スイス チーズ チーズフォンデュ チョコ 溶かす 鍋 食べ物 cheese chocolate food melted pot ski
🥣	ボウルとスプーン	bowl with spoon	オートミール おかゆ シリアル 朝食 粥 bowl breakfast cereal congee oatmeal porridge spoon
🥗	グリーンサラダ	green salad	グリーン サラダ food green salad
🍿	ポップコーン	popcorn	お菓子 corn movie pop
🧈	バター	butter	乳製品 dairy
🧂	塩	salt	しょっぱい 振りかけ容器 薬味 調味料 condiment flavor mad salty shaker taste upset
🥫	缶詰	canned food	缶 非常食 can canned food
🍱	弁当	bento box	幕の内 弁当箱 駅弁 bento box food
🍘	せんべい	rice cracker	お菓子 cracker food rice
🍙	おにぎり	rice ball	おむすび 和食 米 ball food Japanese rice
🍚	ごはん	cooked rice	ライス 米 cooked food rice
🍛	カレーライス	curry rice	カレー ライス curry food rice
🍜	ラーメン	steaming bowl	スープ どんぶり ヌードル 熱々 箸 麺 bowl chopsticks food noodle pho ramen soup steaming
🍝	スパゲッティ	spaghetti	イタリア料理 スパゲッティー スパゲティ パスタ ミートソース food meatballs pasta restaurant
🍠	焼き芋	roasted sweet potato	サツマイモ 芋 food potato roasted sweet
🍢	おでん	oden	串 練り物 food kebab restaurant seafood skewer stick
🍣	すし	sushi	お寿司 寿司 food
🍤	エビフライ	fried shrimp	エビ エビ天 フライ 天ぷら fried prawn shrimp tempura
🍥	なると	fish cake with swirl	渦巻き 練り物 cake fish food pastry restaurant swirl
🥮	月餅	moon cake	お祝い 中秋節 中華菓子 秋 autumn cake festival moon yuèbǐng
🍡	だんご	dango	お団子 デザート 串 和菓子 dessert Japanese skewer stick sweet
🥟	点心	dumpling	ギョーザ ぎょうざ 肉まん 餃子 empanada gyōza jiaozi pierogi potsticker
🥠	フォーチュンクッキー	fortune cookie	おみくじ cookie fortune prophecy
🥡	テイクアウト弁当	takeout box	デリバリー 中華 弁当 持ち帰り 箸 box chopsticks delivery food oyster pail takeout
🍦	ソフトクリーム	soft ice cream	アイス スイーツ ソフト デザート cream dessert food ice icecream restaurant serve soft sweet
🍧	かき氷	shaved ice	アイス シェイブアイス スイーツ デザート 氷 dessert ice restaurant shaved sweet
🍨	アイスクリーム	ice cream	アイス スイーツ デザート cream dessert food ice restaurant sweet
🍩	ドーナツ	doughnut	お菓子 スイーツ デザート breakfast dessert donut food sweet
🍪	クッキー	cookie	お菓子 スイーツ チョコレートチップ デザート chip chocolate dessert sweet
🎂	バースデーケーキ	birthday cake	お祝い お菓子 ケーキ スイーツ バースデー ハッピーバースデー 誕生日 bday birthday cake celebration dessert happy pastry sweet
🍰	ショートケーキ	shortcake	お菓子 ケーキ スイーツ デザート cake dessert pastry slice sweet
🧁	カップケーキ	cupcake	おやつ お菓子 ケーキ スイーツ ベーカリー 砂糖 bakery dessert sprinkles sugar sweet treat
🥧	パイ	pie	アップルパイ お菓子 タルト パンプキンパイ ミートパイ apple filling fruit meat pastry pumpkin slice
🍫	チョコレート	chocolate bar	お菓子 スイーツ チョコ デザート 板チョコ bar candy chocolate dessert halloween sweet tooth
🍬	キャンディ	candy	あめ お菓子 虫歯 cavities dessert halloween restaurant sweet tooth wrapper
🍭	ぺろぺろキャンディ	lollipop	あめ お菓子 キャンディ 棒付きキャンディ candy dessert food restaurant sweet
🍮	プリン	custard	お菓子 カスタード スイーツ デザート dessert pudding sweet
🍯	はちみつ	honey pot	ハチミツ ハニー プーさん 壺 甘い barrel bear food honey honeypot jar pot sweet
🍼	ほにゅう瓶	baby bottle	ミルク 哺乳瓶 新生児 赤ちゃん babies baby birth born bottle drink infant milk newborn
🥛	牛乳入りのコップ	glass of milk	グラス コップ ミルク 牛乳 drink glass milk
☕	温かい飲み物	hot beverage	カフェ カフェイン コーヒー ホットドリンク 紅茶 飲み物 beverage cafe caffeine chai coffee drink hot morning steaming tea
🫖	ティーポット	teapot	お茶 急須 茶器 飲み物 brew drink food pot tea
🍵	湯飲み	teacup without handle	お茶 緑茶 茶碗 飲み物 beverage cup drink handle oolong tea teacup
🍶	徳利	sake	日本酒 猪口 酒 bar beverage bottle cup drink restaurant
🍾	シャンパン	bottle with popping cork	コルク シャンペン スパークリングワイン スプマンテ バー ボトル 泡 飲み物 bar bottle cork drink popping
🍷	ワイングラス	wine glass	アルコール お酒 グラス バー ワイン alcohol bar beverage booze club drink drinking drinks glass restaurant wine
🍸	カクテルグラス	cocktail glass	アルコール お酒 カクテル グラス クラブ バー マティーニ alcohol bar booze club cocktail drink drinking drinks glass mad martini men
🍹	トロピカルドリンク	tropical drink	アルコール お酒 カクテル トロピカル バー マイタイ alcohol bar booze club cocktail drink drinking drinks drunk mai party tai tropical tropics
🍺	ビールジョッキ	beer mug	アルコール オクトーバーフェスト お酒 ジョッキ バー ビール 居酒屋 alcohol ale bar beer booze drink drinking drinks mug octoberfest oktoberfest pint stein summer
🍻	ビールで乾杯	clinking beer mugs	アルコール ジョッキ バー ビール 乾杯 宴会 alcohol bar beer booze bottoms cheers clink clinking drinking drinks mugs
🥂	グラスで乾杯	clinking glasses	グラス シャンパン シャンペン スパークリングワイン スプマンテ 乾杯 祝杯 celebrate clink clinking drink glass glasses
🥃	タンブラーグラス	tumbler glass	ウィスキー ウイスキー グラス ショット スコッチ タンブラー glass liquor scotch shot tumbler whiskey whisky
🫗	コップから注ぐ	pouring liquid	ガラス こぼす 水 液体 飲み物 accident drink empty glass liquid oops pour pouring spill water
🥤	ストローカップ	cup with straw	コップ ジュース ソーダ ソフトドリンク 水 cup drink juice malt soda soft straw water
🧋	タピオカドリンク	bubble tea	お茶 タピオカ ドリンク バブルティー ミルクティー 飲み物 boba bubble food milk pearl tea
🧃	紙パック飲料	beverage box	ジュース ストロー ドリンク 飲み物 beverage box juice straw sweet
🧉	マテ茶	mate	お茶 ドリンク 飲み物 drink
🧊	角氷	ice	冷たい 氷 氷山 cold cube iceberg
🥢	はし	chopsticks	おはし 箸 hashi jeotgarak kuaizi
🍽️	ナイフとフォークと皿	fork and knife with plate	お皿 ディナー ナイフ フォーク 皿 食器 cooking dinner eat fork knife plate
🍴	ナイフとフォーク	fork and knife	カトラリー ごちそう ディナー ナイフ フォーク レストラン 朝食 食事 食器 breakfast breaky cooking cutlery delicious dinner eat feed food fork hungry knife lunch restaurant yum yummy
🥄	スプーン	spoon	カトラリー 食器 eat tableware
🔪	包丁	kitchen knife	ナイフ 凶器 料理 調理器具 chef cooking hocho kitchen knife tool weapon
🫙	瓶	jar	ジャー びん 保存 容器 空 空き瓶 調味料 condiment container empty nothing sauce store
🏺	壺	amphora	かめ 星座 水瓶 Aquarius cooking drink jug tool weapon zodiac
🌍	地球（ヨーロッパとアフリカ）	globe showing Europe-Africa	アフリカ ヨーロッパ 世界 地球 Africa earth Europe Europe-Africa globe showing world
🌎	地球（アメリカ大陸）	globe showing Americas	アメリカ アメリカ大陸 世界 地球 Americas earth globe showing world
🌏	地球（アジアとオーストラリア）	globe showing Asia-Australia	アジア オーストラリア 世界 地球 Asia Asia-Australia Australia earth globe showing world
🌐	子午線のある地球	globe with meridians	インターネット 地球 子午線 earth globe internet meridians web world worldwide
🗺️	世界地図	world map	マップ 世界 地図 map world
🗾	日本地図	map of Japan	地図 日本 Japan map
🧭	コンパス	compass	オリエンテーリング 方位磁針 方角 磁石 航海 航空 direction magnetic navigation orienteering
🏔️	雪山	snow-capped mountain	冠雪 山 雪 cold mountain snow snow-capped
⛰️	山	mountain	山岳
🛘	地滑り	landslide	土砂災害 山 山崩れ 岩石 崩落 災害 落石 avalanche danger disaster earthquake mountain mudslide rocks
🌋	火山	volcano	噴火 山 溶岩 eruption mountain nature
🗻	富士山	mount fuji	山 fuji mount mountain nature
🏕️	キャンプ	camping	テント 山
🏖️	ビーチパラソル	beach with umbrella	パラソル ビーチ 砂浜 beach umbrella
🏜️	砂漠	desert	サボテン サボテンのある砂漠
🏝️	無人島	desert island	ヤシ ヤシの木のある島 島 desert island
🏞️	国立公園	national park	公園 自然 national park
🏟️	競技場	stadium	スタジアム 野球場
🏛️	歴史的な建物	classical building	古代 史跡 歴史 歴史的建造物 building classical
🏗️	建設中	building construction	クレーン 工事 建築 建設 building construction crane
🧱	れんが	brick	しっくい ブロック モルタル 壁 煉瓦 粘土 bricks clay mortar wall
🪨	岩石	rock	岩 巨岩 石 石材 硬い 重たい boulder heavy solid stone tough
🪵	丸太	wood	ログ 切り株 木 木材 材木 樹木 log lumber timber
🛖	わらぶき小屋	hut	バンガロー ユルト 家 小屋 home house roundhouse shelter yurt
🏘️	住宅街	houses	家 街 複数の家 house
🏚️	廃屋	derelict house	家 建物 空き家 derelict home house
🏠	家	house	マイホーム 一戸建て 建物 郊外 building country heart home ranch settle simple suburban suburbia where
🏡	庭付きの家	house with garden	マイホーム 一戸建て 家 庭 建物 郊外 building country garden heart home house ranch settle simple suburban suburbia where
🏢	オフィスビル	office building	会社 建物 社屋 都会 building city cubical job office
🏣	郵便局	Japanese post office	建物 郵便 building Japanese office post
🏤	西洋の郵便局	post office	建物 郵便 building European office post
🏥	病院	hospital	医者 建物 薬 building doctor medicine
🏦	銀行	bank	建物 building
🏨	ホテル	hotel	建物 building
🏩	ラブホテル	love hotel	ホテル ラブホ 建物 building hotel love
🏪	コンビニ	convenience store	24時間営業 コンビニエンスストア 店 建物 24 building convenience hours store
🏫	学校	school	建物 校舎 building
🏬	デパート	department store	ビル 店舗 建物 百貨店 building department store
🏭	工場	factory	ファクトリー 建物 煙突 building
🏯	城	Japanese castle	建物 日本 日本の城 building castle Japanese
🏰	西洋の城	castle	キャッスル 城 建物 building European
💒	結婚式	wedding	チャペル ロマンス 建物 式場 教会 礼拝堂 結婚 chapel hitched nuptials romance
🗼	東京タワー	Tokyo tower	タワー 塔 東京 Tokyo tower
🗽	自由の女神	Statue of Liberty	アメリカ ニューヨーク 彫像 liberty Liberty new ny nyc statue Statue york
⛪	教会	church	キリスト教 チャペル 十字架 宗教 建物 礼拝堂 bless chapel Christian cross religion
🕌	モスク	mosque	イスラム教 宗教 建物 islam masjid Muslim religion
🛕	ヒンドゥー教の寺院	hindu temple	ヒンズー教 宗教 寺 建物 hindu temple
🕍	シナゴーグ	synagogue	ユダヤ教 宗教 建物 Jew Jewish judaism religion temple
⛩️	鳥居	shinto shrine	宗教 建物 神社 神道 religion shinto shrine
🕋	カーバ	kaaba	イスラム教 メッカ 宗教 建物 聖地 巡礼 hajj islam Muslim religion umrah
⛲	噴水	fountain	
⛺	テント	tent	キャンプ camping
🌁	霧の都会	foggy	もや 都会 霧 fog
🌃	夜の都会	night with stars	夜 夜景 星 星空 night star stars
🏙️	高層ビル	cityscape	ビル群 都会 都市 city
🌄	山から日の出	sunrise over mountains	ご来光 太陽 日の出 朝 朝日 morning mountains over sun sunrise
🌅	日の出	sunrise	太陽 日光 朝 朝日 morning nature sun
🌆	夕暮れの都会	cityscape at dusk	ビル 夕方 夕日 夕暮れ 都会 都市 at building city cityscape dusk evening landscape sun sunset
🌇	夕日	sunset	ビル 夕方 夕暮れ 太陽 日暮れ 日没 building dusk sun
🌉	夜の橋	bridge at night	夜 夜景 橋 at bridge night
♨️	温泉マーク	hot springs	温泉 湯気 hot hotsprings springs steaming
🎠	メリーゴーランド	carousel horse	メリーゴーラウンド 回転木馬 遊園地 馬 carousel entertainment horse
🛝	すべり台	playground slide	公園 遊具 amusement park play playground playing slide sliding theme
🎡	観覧車	ferris wheel	アミューズメントパーク 遊園地 amusement ferris park theme wheel
🎢	ジェットコースター	roller coaster	アミューズメントパーク 遊園地 amusement coaster park roller theme
💈	床屋	barber pole	バーバー ヘアサロン 理容室 理容院 理髪店 美容室 美容院 barber cut fresh haircut pole shave
🎪	サーカス	circus tent	サーカス小屋 テント circus tent
🚂	蒸気機関車	locomotive	SL 乗り物 列車 機関車 汽車 鉄道 caboose engine railway steam train trains travel
🚃	電車	railway car	トロリーバス 乗り物 列車 鉄道 car electric railway train tram travel trolleybus
🚄	新幹線	high-speed train	乗り物 鉄道 電車 高速列車 high-speed railway shinkansen speed train
🚅	0系新幹線	bullet train	0系 丸い新幹線 乗り物 新幹線 鉄道 電車 高速列車 bullet high-speed nose railway shinkansen speed train travel
🚆	電車正面	train	乗り物 列車 電車 arrived choo railway
🚇	地下鉄	metro	メトロ 乗り物 電車 subway travel
🚈	ライトレール	light rail	モノレール 乗り物 鉄道 電車 arrived light monorail rail railway
🚉	駅	station	ステーション 乗り物 列車 電車 railway train
🚊	路面電車正面	tram	乗り物 路面電車 電車 trolleybus
🚝	モノレール	monorail	乗り物 電車 vehicle
🚞	登山鉄道	mountain railway	乗り物 登山電車 電車 car mountain railway trip
🚋	路面電車	tram car	トロリーバス 乗り物 電車 bus car tram trolley trolleybus
🚌	バス	bus	スクールバス 乗り物 車 school vehicle
🚍	バス正面	oncoming bus	バス 乗り物 車 bus cars oncoming
🚎	トロリーバス	trolleybus	バス 乗り物 路面電車 bus tram trolley
🚐	マイクロバス	minibus	バス ミニバス 乗り物 小型バス 車 bus drive van vehicle
🚑	救急車	ambulance	乗り物 車 emergency vehicle
🚒	消防車	fire engine	乗り物 車 engine fire truck
🚓	パトカー	police car	パトロール 乗り物 警察 5–0 car cops patrol police
🚔	パトカー正面	oncoming police car	パトカー 乗り物 警察 car oncoming police
🚕	タクシー	taxi	イエローキャブ 乗り物 車 cab cabbie car drive vehicle yellow
🚖	タクシー正面	oncoming taxi	イエローキャブ タクシー 乗り物 車 cab cabbie cars drove hail oncoming taxi yellow
🚗	自動車	automobile	ドライブ 乗り物 乗用車 車 car driving vehicle
🚘	自動車正面	oncoming automobile	ドライブ 乗り物 乗用車 自動車 車 automobile car cars drove oncoming vehicle
🚙	アールブイ車	sport utility vehicle	RV車 SUV車 乗り物 乗用車 自動車 車 car drive recreational sport sportutility utility vehicle
🛻	軽トラック	pickup truck	トラック ピックアップトラック 乗り物 自動車 車 配達 automobile car flatbed pick-up pickup transportation truck
🚚	トラック	delivery truck	乗り物 車 配送 配達 car delivery drive truck vehicle
🚛	トレーラー	articulated lorry	トラック 乗り物 車 articulated car drive lorry move semi truck vehicle
🚜	トラクター	tractor	乗り物 車 vehicle
🏎️	レーシングカー	racing car	F1 カーレース スポーツ モータースポーツ レース 乗り物 車 car racing zoom
🏍️	オートバイ	motorcycle	オートレース スポーツ バイク モータースポーツ 乗り物 racing
🛵	スクーター	motor scooter	オートバイ バイク 原付 motor scooter
🦽	手動式車椅子	manual wheelchair	アクセシビリティ 椅子 車椅子 accessibility manual wheelchair
🦼	電動車椅子	motorized wheelchair	アクセシビリティ 椅子 車椅子 accessibility motorized wheelchair
🛺	三輪タクシー	auto rickshaw	オートリクシャー タクシー トゥクトゥク リクシャー auto rickshaw tuk
🚲	自転車	bicycle	サイクリング 乗り物 bike class cycle cycling cyclist gang ride spin spinning
🛴	キックボード	kick scooter	キックスクーター キックスケーター kick scooter
🛹	スケートボード	skateboard	スケボー ボード board skate skater wheels
🛼	ローラースケート	roller skate	スケート スポーツ blades roller skate skates sport
🚏	バス停	bus stop	バス乗り場 乗り物 停留所 bus busstop stop
🛣️	高速道路	motorway	ハイウェイ 道路 高速 highway road
🛤️	線路	railway track	軌道 鉄道 railway track train
🛢️	ドラム缶	oil drum	オイル 石油 drum oil
⛽	ガソリンスタンド	fuel pump	ガソリン ガソリンノズル 給油 diesel fuel fuelpump gas gasoline pump station
🛞	ホイール	wheel	スポーク タイヤ 自動車 車 車輪 car circle tire turn vehicle
🚨	パトランプ	police car light	サイレン パトカー 緊急 警察 赤色灯 alarm alert beacon car emergency light police revolving siren
🚥	信号横	horizontal traffic light	交差点 交通 信号 信号機 horizontal intersection light signal stop stoplight traffic
🚦	信号縦	vertical traffic light	交差点 交通 信号 信号機 drove intersection light signal stop stoplight traffic vertical
🛑	止まれの標識	stop sign	ストップ 八角形 標識 止まれ octagonal sign stop
🚧	工事中	construction	サイン 通行止め barrier
⚓	錨	anchor	いかり 碇 船 ship tool
🛟	救命浮環	ring buoy	ブイ ライフセーバー レスキュー 安全 救助 救命具 浮き輪 buoy float life lifesaver preserver rescue ring safety save saver swim
⛵	ヨット	sailboat	セーリング 乗り物 帆船 船 boat resort sailing sea yacht
🛶	カヌー	canoe	カヤック ボート 乗り物 船 boat
🚤	スピードボート	speedboat	ボート モーターボート 乗り物 快速艇 船 billionaire boat lake luxury millionaire summer travel
🛳️	客船	passenger ship	乗り物 旅客船 船 passenger ship
⛴️	フェリー	ferry	乗り物 客船 船 boat passenger
🛥️	モーターボート	motor boat	ボート 乗り物 船 boat motor motorboat
🚢	船	ship	タイタニック号 乗り物 客船 boat passenger travel
✈️	飛行機	airplane	ジェット機 乗り物 旅行 航空機 aeroplane fly flying jet plane travel
🛩️	小型飛行機	small airplane	乗り物 小型機 航空機 飛行機 aeroplane airplane plane small
🛫	飛行機離陸	airplane departure	乗り物 航空機 離陸 飛行機 aeroplane airplane check-in departure departures plane
🛬	飛行機着陸	airplane arrival	乗り物 着陸 航空機 飛行機 aeroplane airplane arrival arrivals arriving landing plane
🪂	パラシュート	parachute	スカイダイビング パラグライダー パラセーリング ハンググライダー hang-glide parasail skydive
💺	座席	seat	シート 席 椅子 chair
🚁	ヘリコプター	helicopter	ヘリ 乗り物 copter roflcopter travel vehicle
🚟	懸垂式モノレール	suspension railway	モノレール 乗り物 電車 railway suspension
🚠	ケーブルカー	mountain cableway	ゴンドラ リフト 乗り物 cable cableway gondola lift mountain ski
🚡	ロープウェイ	aerial tramway	ゴンドラ 乗り物 aerial cable car gondola ropeway tramway
🛰️	人工衛星	satellite	宇宙 space
🚀	ロケット	rocket	乗り物 宇宙 宇宙旅行 発射 launch rockets space travel
🛸	空飛ぶ円盤	flying saucer	UFO 乗り物 宇宙 宇宙人 未確認飛行物体 aliens extra flying saucer terrestrial
🛎️	ベルボーイベル	bellhop bell	ベル ホテル bell bellhop hotel
🧳	スーツケース	luggage	キャリーケース パッキング 旅行 旅行かばん bag packing roller suitcase travel
⌛	砂時計	hourglass done	タイマー 時計 砂 done hourglass sand time timer
⏳	砂が落ちている砂時計	hourglass not done	タイマー 時計 時間 砂 砂時計 done flowing hourglass hours not sand timer waiting yolo
⌚	腕時計	watch	ウォッチ 時計 時間 clock time
⏰	目覚まし時計	alarm clock	アラーム 時計 時間 目覚まし alarm clock hours hrs late time waiting
⏱️	ストップウォッチ	stopwatch	タイム 時計 clock time
⏲️	タイマー	timer clock	時計 clock timer
🕰️	置時計	mantelpiece clock	マンテルクロック 時計 時間 置き時計 clock mantelpiece time
🕛	12時	twelve o’clock	12:00 時計 正午 零時 12 clock o’clock time twelve
🕧	12時半	twelve-thirty	12:30 12時30分 時計 12 30 clock thirty time twelve
🕐	1時	one o’clock	1:00 時計 1 clock o’clock one time
🕜	1時半	one-thirty	1:30 1時30分 時計 1 30 clock one thirty time
🕑	2時	two o’clock	2:00 時計 2 clock o’clock time two
🕝	2時半	two-thirty	2:30 2時30分 時計 2 30 clock thirty time two
🕒	3時	three o’clock	3:00 時計 3 clock o’clock three time
🕞	3時半	three-thirty	3:30 3時30分 時計 3 30 clock thirty three time
🕓	4時	four o’clock	4:00 時計 4 clock four o’clock time
🕟	4時半	four-thirty	4:30 4時30分 時計 30 4 clock four thirty time
🕔	5時	five o’clock	5:00 時計 5 clock five o’clock time
🕠	5時半	five-thirty	5:30 5時30分 時計 30 5 clock five thirty time
🕕	6時	six o’clock	6:00 時計 6 clock o’clock six time
🕡	6時半	six-thirty	6:30 6時30分 時計 30 6 clock six thirty
🕖	7時	seven o’clock	7:00 時計 0 7 clock o’clock seven
🕢	7時半	seven-thirty	7:30 7時30分 時計 30 7 clock seven thirty
🕗	8時	eight o’clock	8:00 時計 8 clock eight o’clock time
🕣	8時半	eight-thirty	8:30 8時30分 時計 30 8 clock eight thirty time
🕘	9時	nine o’clock	9:00 時計 9 clock nine o’clock time
🕤	9時半	nine-thirty	9:30 9時30分 時計 30 9 clock nine thirty time
🕙	10時	ten o’clock	10:00 時計 0 10 clock o’clock ten
🕥	10時半	ten-thirty	10:30 10時30分 時計 10 30 clock ten thirty time
🕚	11時	eleven o’clock	11:00 時計 11 clock eleven o’clock time
🕦	11時半	eleven-thirty	11:30 11時30分 時計 11 30 clock eleven thirty time
🌑	新月	new moon	宇宙 月 闇 dark moon new space
🌒	初月	waxing crescent moon	三日月 宇宙 月 crescent dreams moon space waxing
🌓	上弦の月	first quarter moon	上弦 半月 宇宙 月 first moon quarter space
🌔	十三夜月	waxing gibbous moon	十日夜の月 宇宙 月 gibbous moon space waxing
🌕	満月	full moon	宇宙 月 full moon space
🌖	寝待月	waning gibbous moon	宇宙 居待月 月 gibbous moon space waning
🌗	下弦の月	last quarter moon	下弦 半月 宇宙 月 last moon quarter space
🌘	有明月	waning crescent moon	三日月 宇宙 月 crescent moon space waning
🌙	三日月	crescent moon	宇宙 月 crescent moon ramadan space
🌚	顔のある新月	new moon face	新月 月 顔 face moon new space
🌛	顔のある上弦の月	first quarter moon face	上弦の月 半月 月 顔 face first moon quarter space
🌜	顔のある下弦の月	last quarter moon face	下弦の月 半月 月 顔 dreams face last moon quarter
🌡️	温度計	thermometer	天気 寒暖計 気温 温度 weather
☀️	太陽	sun	天気 日光 晴れ bright rays space sunny weather
🌝	顔のある満月	full moon face	月 満月 顔 bright face full moon
🌞	顔のある太陽	sun with face	太陽 顔 beach bright day face heat shine sun sunny sunshine weather
🪐	環のある惑星	ringed planet	リング 土星 天体 惑星 星 planet ringed saturn saturnine
⭐	スター	star	天文学 星 astronomy medium stars white
🌟	きらきら星	glowing star	きらきら キラキラ スター 星 輝き glittery glow glowing night shining sparkle star win
🌠	流れ星	shooting star	スター 夜 宇宙 星 falling night shooting space star
🌌	天の川	milky way	ミルキーウェイ 夜空 宇宙 星空 銀河 milky space way
☁️	雲	cloud	天気 曇り weather
⛅	曇り時々晴れ	sun behind cloud	天気 太陽 曇り 雲 behind cloud cloudy sun weather
⛈️	雷雨	cloud with lightning and rain	天気 稲妻 雨 雲 雷 雷雲 cloud lightning rain thunder thunderstorm
🌤️	晴れ時々曇り	sun behind small cloud	天気 太陽 晴れ 雲 behind cloud sun weather
🌥️	曇り一時晴れ	sun behind large cloud	天気 太陽 曇り 雲 behind cloud sun weather
🌦️	雨時々晴れ	sun behind rain cloud	天気 天気雨 太陽 曇り 雲 behind cloud rain sun weather
🌧️	雨雲	cloud with rain	天気 雨 雲 cloud rain weather
🌨️	雪雲	cloud with snow	天気 雪 雲 cloud cold snow weather
🌩️	雷雲	cloud with lightning	天気 稲妻 雲 雷 cloud lightning weather
🌪️	竜巻	tornado	トルネード 天気 突風 cloud weather whirlwind
🌫️	霧	fog	天気 曇り 雲 cloud weather
🌬️	顔のある風	wind face	雲 顔 風 blow cloud face wind
🌀	渦巻き	cyclone	サイクロン ハリケーン めまい もやもや 台風 天気 dizzy hurricane twister typhoon weather
🌈	虹	rainbow	GLBT GLBTQ LGBT LGBTQ ゲイ トランスジェンダー バイセクシュアル レインボー レズビアン 天気 gay genderqueer glbt glbtq lesbian lgbt lgbtq lgbtqia nature pride queer rain trans transgender weather
🌂	閉じた傘	closed umbrella	傘 天気 持ち物 雨 closed clothing rain umbrella
☂️	傘	umbrella	天気 持ち物 雨 clothing rain
☔	傘と雨	umbrella with rain drops	傘 天気 持ち物 雨 雨粒 clothing drop drops rain umbrella weather
⛱️	パラソル	umbrella on ground	ビーチ 傘 日傘 砂浜 雨 ground rain sun umbrella
⚡	高電圧	high voltage	危険 稲妻 雷 電気 danger electric electricity high lightning nature thunder thunderbolt voltage zap
❄️	雪の結晶	snowflake	天気 結晶 雪 cold snow weather
☃️	雪だるまと雪	snowman	雪 雪だるま cold man snow
⛄	雪だるま	snowman without snow	雪 cold man snow snowman
☄️	彗星	comet	すい星 宇宙 space
🔥	火	fire	ファイアー ファイヤー 炎 熱い 燃える af burn flame hot lit litaf tool
💧	水滴	droplet	しずく たらーっ 水 汗 涙 cold comic drop nature sad sweat tear water weather
🌊	波	water wave	天気 波浪 海 自然 nature ocean surf surfer surfing water wave
🎃	ハロウィンかぼちゃ	jack-o-lantern	かぼちゃ ハロウィーン ハロウィン celebration halloween jack lantern pumpkin
🎄	クリスマスツリー	Christmas tree	クリスマス クリスマスイブ ツリー celebration Christmas tree
🎆	打ち上げ花火	fireworks	お祭り どーん 花火 花火大会 boom celebration entertainment yolo
🎇	線香花火	sparkler	お祭り 火花 花火 boom celebration fireworks sparkle
🧨	爆竹	firecracker	ダイナマイト 火花 火薬 爆発 爆発物 爆薬 花火 dynamite explosive fire fireworks light pop popping spark
✨	きらきら	sparkles	キラキラ スター ぴかぴか 星 * magic sparkle star
🎈	風船	balloon	バルーン birthday celebrate celebration
🎉	クラッカー	party popper	お祝い パーティー パーティークラッカー 誕生日 awesome birthday celebrate celebration excited hooray party popper tada woohoo
🎊	くす玉	confetti ball	お祝い パーティー 紙吹雪 ball celebrate celebration confetti party woohoo
🎋	七夕	tanabata tree	和 日本 短冊 笹飾り banner celebration Japanese tanabata tree
🎍	門松	pine decoration	お祝い 和 日本 正月 竹 bamboo celebration decoration Japanese pine plant
🎎	ひな祭り	Japanese dolls	おだいり様 おひな様 お祝い ひな人形 人形 和 日本 celebration doll dolls festival Japanese
🎏	こいのぼり	carp streamer	お祝い 子供の日 carp celebration streamer
🎐	風鈴	wind chime	夏 鈴 風 bell celebration chime wind
🎑	月見	moon viewing ceremony	ススキ 十五夜 団子 月 celebration ceremony moon viewing
🧧	赤い封筒	red envelope	お年玉 お金 ご祝儀 幸運 紅包 envelope gift good hóngbāo lai luck money red see
🎀	リボン	ribbon	お祝い celebration
🎁	プレゼント	wrapped gift	お祝い ギフト リボン 箱 birthday bow box celebration christmas gift present surprise wrapped
🎗️	リマインダーリボン	reminder ribbon	お祝い リボン リマインダー celebration reminder ribbon
🎟️	入場券	admission tickets	チケット 入場パス 半券 admission ticket tickets
🎫	チケット	ticket	入場券 切符 半券 admission stub
🎖️	勲章	military medal	お祝い メダル 表彰 award celebration medal military
🏆	トロフィー	trophy	チャンピオン 優勝 優勝カップ 表彰 賞杯 champion champs prize slay sport victory win winning
🏅	メダル	sports medal	スポーツ 優勝 表彰 金 金メダル award gold medal sports winner
🥇	金メダル	1st place medal	1位 ゴールド メダル 優勝 金 1st first gold medal place
🥈	銀メダル	2nd place medal	2位 シルバー メダル 銀 2nd medal place second silver
🥉	銅メダル	3rd place medal	3位 ブロンズ メダル 銅 3rd bronze medal place third
⚽	サッカー	soccer ball	サッカーボール スポーツ ボール ball football futbol soccer sport
⚾	野球	baseball	スポーツ ボール ball sport
🥎	ソフトボール	softball	スポーツ ボール 下手投げ ball glove sports underarm
🏀	バスケットボール	basketball	スポーツ バスケ ボール ball hoop sport
🏐	バレーボール	volleyball	スポーツ バレー ボール ball game
🏈	アメフト	american football	アメリカンフットボール スポーツ フットボール ボール american ball bowl football sport super
🏉	ラグビー	rugby football	スポーツ ボール ラグビーボール ball football rugby sport
🎾	テニス	tennis	スポーツ テニスボール ボール ラケット ball racquet sport
🥏	フリスビー	flying disc	アルティメット フライングディスク 円盤 disc flying ultimate
🎳	ボウリング	bowling	ストライク スポーツ ボール 球 ball game sport strike
🏏	クリケット	cricket game	スポーツ バット ボール ball bat cricket game
🏑	ホッケー	field hockey	スティック スポーツ フィールドホッケー ボール ball field game hockey stick
🏒	アイスホッケー	ice hockey	スティック スポーツ パック ホッケー game hockey ice puck stick
🥍	ラクロス	lacrosse	ゴール スティック スポーツ ボール ball goal sports stick
🏓	卓球	ping pong	スポーツ ピンポン ボール ラケット ball bat game paddle ping pingpong pong table tennis
🏸	バドミントン	badminton	シャトル スポーツ ラケット birdie game racquet shuttlecock
🥊	ボクシング	boxing glove	グローブ スポーツ ボクシンググローブ boxing glove
🥋	武道	martial arts uniform	スポーツ テコンドー 柔道 格闘技 空手 道着 arts judo karate martial taekwondo uniform
🥅	ゴールネット	goal net	ゴール スポーツ ネット goal net
⛳	ゴルフ	flag in hole	スポーツ フラグ フラッグ ホール 旗 flag golf hole sport
⛸️	アイススケート	ice skate	スケート スポーツ フィギュアスケート ice skate skating
🎣	釣り	fishing pole	スポーツ フィッシング 釣り竿 魚 entertainment fish fishing pole sport
🤿	ダイビング マスク	diving mask	シュノーケリング スキューバ スポーツ ダイビング マスク diving mask scuba snorkeling
🎽	長距離走	running shirt	スポーツ たすき ランニング ランニングシャツ 駅伝 athletics running sash shirt
🎿	スキー	skis	ストック スポーツ 板 雪 ski snow sport
🛷	そり競技	sled	スケルトン スポーツ そり トボガン ボブスレー リュージュ luge sledge sleigh snow toboggan
🥌	カーリング	curling stone	ゲーム ストーン スポーツ 試合 curling game rock stone
🎯	的	bullseye	スポーツ ダーツ ブルズアイ 当たり 的中 bull dart direct entertainment game hit target
🪀	ヨーヨー	yo-yo	おもちゃ 上下 回転 玩具 fluctuate toy
🪁	たこ	kite	おもちゃ カイト 凧揚げ 玩具 fly soar
🔫	水鉄砲	water pistol	ピストル リボルバー 拳銃 武器 銃 gun handgun pistol revolver tool water weapon
🎱	ビリヤード	pool 8 ball	エイトボール スポーツ ボール 玉突き 8 8ball ball billiard eight game pool
🔮	水晶玉	crystal ball	クリスタル 占い 水晶 水晶球 玉 運命 魔法 ball crystal fairy fairytale fantasy fortune future magic tale tool
🪄	魔法の杖	magic wand	つえ マジック 手品 杖 魔法 魔術 魔術師 magic magician wand witch wizard
🎮	テレビゲーム	video game	ゲーム コントローラ ビデオゲーム controller entertainment game video
🕹️	ジョイスティック	joystick	ゲーム コントローラ スティック テレビゲーム ビデオゲーム game video videogame
🎰	スロットマシン	slot machine	カジノ ギャンブル ゲーム スリーセブン スロット casino gamble gambling game machine slot slots
🎲	サイコロ	game die	ゲーム ダイス dice die entertainment game
🧩	ジグソーパズル	puzzle piece	パズル ピース 組み合わせ 鍵 clue interlocking jigsaw piece puzzle
🧸	テディベア	teddy bear	おもちゃ くま ぬいぐるみ 玩具 bear plaything plush stuffed teddy toy
🪅	ピニャータ	piñata	お祝い パーティー メキシコ 人形 誕生日 candy celebrate celebration cinco de festive mayo party pinada pinata
🪩	ミラーボール	mirror ball	キラキラ ダンス ディスコ パーティー ball dance disco glitter mirror party
🪆	マトリョーシカ	nesting dolls	ロシア 人形 入れ子 babooshka baboushka babushka doll dolls matryoshka nesting russia
♠️	スペード	spade suit	カード トランプ card game spade suit
♥️	ハート	heart suit	カード トランプ card emotion game heart hearts suit
♦️	ダイヤ	diamond suit	カード ダイア トランプ card diamond game suit
♣️	クラブ	club suit	カード クローバー トランプ card club clubs game suit
♟️	チェスの駒	chess pawn	チェス 捨て駒 駒 chess dupe expendable pawn
🃏	ジョーカー	joker	カード ジジ トランプ ババ card game wildcard
🀄	麻雀	mahjong red dragon	ゲーム 中 牌 麻雀牌 dragon game mahjong red
🎴	花札	flower playing cards	カード ゲーム card cards flower game Japanese playing
🎭	舞台芸術	performing arts	仮面 俳優 劇場 女優 役者 演劇 演芸 芸術 actor actress art arts entertainment mask performing theater theatre thespian
🖼️	絵画	framed picture	アート 絵 美術館 芸術 額 art frame framed museum painting picture
🎨	絵の具パレット	artist palette	パレット 画家 絵 絵画 美術館 芸術 art artist artsy arty colorful creative entertainment museum painter painting palette
🧵	糸	thread	ソーイング ひも 糸巻き 縫い針 裁縫 needle sewing spool string
🪡	縫い針	sewing needle	ステッチ 刺繍 糸 縫う 裁縫 針 embroidery needle sew sewing stitches sutures tailoring thread
🧶	毛糸	yarn	かぎ針 ニット 毛糸玉 編み物 ball crochet knit
🪢	結び目	knot	ねじれ ノット ひも ロープ 綱 cord rope tangled tie twine twist
👓	メガネ	glasses	眼鏡 clothing eye eyeglasses eyewear
🕶️	サングラス	sunglasses	メガネ 眼鏡 dark eye eyewear glasses
🥽	ゴーグル	goggles	スキューバ ダイビング 保護メガネ 水泳 溶接 dive eye protection scuba swimming welding
🥼	白衣	lab coat	上着 医者 実験 服 科学者 clothes coat doctor dr experiment jacket lab scientist white
🦺	安全ベスト	safety vest	チョッキ ベスト 反射 安全 工事 緊急 emergency safety vest
👔	ネクタイ	necktie	シャツ ワイシャツ 会社員 服 clothing employed serious shirt tie
👕	Tシャツ	t-shirt	シャツ 服 blue casual clothes clothing collar dressed shirt shopping tshirt weekend
👖	ジーンズ	jeans	カジュアル ズボン デニム パンツ ブルージーンズ 服 blue casual clothes clothing denim dressed pants shopping trousers weekend
🧣	マフラー	scarf	スカーフ 厚着 寒い 襟巻き 首巻き bundle cold neck up
🧤	手袋	gloves	手 hand
🧥	コート	coat	アウター オーバー ジャケット 厚着 寒い 服 brr bundle cold jacket up
🧦	ソックス	socks	靴下 stocking
👗	ワンピース	dress	ドレス 服 clothes clothing dressed fancy shopping
👘	着物	kimono	和服 服 clothing comfortable
🥻	サリー	sari	ドレス 服 民族衣装 clothing dress
🩱	ワンピースの水着	one-piece swimsuit	スイムウェア 水着 bathing one-piece suit swimsuit
🩲	ブリーフ	briefs	スイムウェア パンツ 下着 水着 bathing one-piece suit swimsuit underwear
🩳	ショーツ	shorts	スイムウェア パンツ 下着 水着 bathing pants suit swimsuit underwear
👙	ビキニ	bikini	ビーチ プール 水着 bathing beach clothing pool suit swim
👚	婦人服	woman’s clothes	シャツ ブラウス 服 blouse clothes clothing collar dress dressed lady shirt shopping woman woman’s
🪭	扇子	folding hand fan	あおぐ パタパタ 団扇 夏 扇 涼む 風 clack clap cool cooling dance fan flirt flutter folding hand hot shy
👛	がま口	purse	小銭入れ 財布 clothes clothing coin dress fancy handbag shopping
👜	ハンドバッグ	handbag	かばん ショッピング バッグ bag clothes clothing dress lady purse shopping
👝	ポーチ	clutch bag	クラッチバッグ バッグ ハンドバッグ bag clothes clothing clutch dress handbag pouch purse
🛍️	紙袋	shopping bags	ショッピングバッグ バッグ 紙手提げ bag bags hotel shopping
🎒	バックパック	backpack	ランドセル リュックサック 学校 小学校 小学生 backpacking bag bookbag education rucksack satchel school
🩴	ビーチサンダル	thong sandal	ゴムぞうり サンダル トングサンダル ビーサン 靴 beach flip flop sandal sandals shoe thong thongs zōri
👞	紳士靴	man’s shoe	ローファー 革靴 靴 brown clothes clothing feet foot kick man man’s shoe shoes shopping
👟	スニーカー	running shoe	ジョギングシューズ テニスシューズ 靴 athletic clothes clothing fast kick running shoe shoes shopping sneaker tennis
🥾	ハイキングシューズ	hiking boot	アウトドア キャンプ ハイキング ブーツ 登山靴 茶色い靴 靴 backpacking boot brown camping hiking outdoors shoe
🥿	フラットシューズ	flat shoe	スリッポン バレエシューズ ぺたんこ靴 ballet comfy flat flats shoe slip-on slipper
👠	ハイヒール	high-heeled shoe	ピンヒール 婦人靴 靴 clothes clothing dress fashion heel heels high-heeled shoe shoes shopping stiletto woman
👡	サンダル	woman’s sandal	婦人靴 靴 clothing sandal shoe woman woman’s
🩰	トウシューズ	ballet shoes	シューズ ダンス バレエ バレエシューズ 靴 ballet dance shoes
👢	ブーツ	woman’s boot	ロングブーツ 婦人靴 靴 boot clothes clothing dress shoe shoes shopping woman woman’s
🪮	アフロコーム	hair pick	アフロ くし コーム 髪 Afro comb groom hair pick
👑	王冠	crown	クラウン 冠 王族 clothing family king medieval queen royal royalty win
👒	婦人帽子	woman’s hat	帽子 麦わら 麦わら帽子 clothes clothing garden hat hats party woman woman’s
🎩	シルクハット	top hat	山高帽 帽子 clothes clothing fancy formal hat magic top tophat
🎓	角帽	graduation cap	卒業 学者 帽子 cap celebration clothing education graduation hat scholar
🧢	キャップ	billed cap	帽子 野球帽 baseball bent billed cap dad hat
🪖	軍用ヘルメット	military helmet	ヘルメット ミリタリー 兵士 戦闘 軍隊 army helmet military soldier war warrior
⛑️	白十字ヘルメット	rescue worker’s helmet	ヘルメット 帽子 救助隊 救急 白十字 aid cross face hat helmet rescue worker’s
📿	数珠	prayer beads	ネックレス ロザリオ 宗教 念珠 祈る beads clothing necklace prayer religion
💄	口紅	lipstick	コスメ メーク リップ リップスティック 化粧 化粧品 cosmetics date makeup
💍	指輪	ring	ジュエリー ダイア ダイヤ ダイヤモンド リング 婚約指輪 diamond engaged engagement married romance shiny sparkling wedding
💎	宝石	gem stone	ジュエリー ダイア ダイヤ ダイヤモンド diamond engagement gem jewel money romance stone wedding
🔇	スピーカー消音	muted speaker	スピーカー ミュート 消音 無音 音無し mute muted quiet silent sound speaker
🔈	スピーカー	speaker low volume	ボリューム 音量 low soft sound speaker volume
🔉	スピーカー音量小	speaker medium volume	スピーカー ボリューム 音量 音量小 medium sound speaker volume
🔊	スピーカー音量大	speaker high volume	スピーカー ボリューム 大音量 音量 音量大 high loud music sound speaker volume
📢	拡声器	loudspeaker	スピーカー メガホン 放送 address communication loud public sound
📣	メガホン	megaphone	スピーカー 応援 拡声器 cheering sound
📯	郵便ラッパ	postal horn	ラッパ 郵便 horn post postal
🔔	ベル	bell	教会 鈴 鐘 break church sound
🔕	ベル消音	bell with slash	ミュート 消音 鈴 鐘 音無し bell forbidden mute no not prohibited quiet silent slash sound
🎼	楽譜	musical score	スコア ト音記号 五線譜 音楽 music musical note score
🎵	音符	musical note	8分音符 連符 音楽 music musical note sound
🎶	複数の音符	musical notes	8分音符 音楽 音符 music musical note notes sound
🎙️	スタジオマイク	studio microphone	マイク 音楽 mic microphone music studio
🎚️	レベルスライダー	level slider	スライダー レベル 音楽 level music slider
🎛️	コントロールつまみ	control knobs	コントロール つまみ ノブ 調整 音楽 control knobs music
🎤	マイク	microphone	カラオケ 歌 音楽 karaoke mic music sing sound
🎧	ヘッドホン	headphone	イヤホン ヘッドフォン 音楽 earbud sound
📻	ラジオ	radio	受信機 放送 音楽 entertainment tbt video
🎷	サックス	saxophone	サキソフォン サクソフォン 楽器 音楽 instrument music sax
🎺	トランペット	trumpet	ラッパ 楽器 音楽 instrument music
🪊	トロンボーン	trombone	ジャズ スライド 吹奏楽 楽器 管楽器 音楽 brass instrument jazz music sad slide
🪗	アコーディオン	accordion	じゃばら 楽器 音楽 box concertina instrument music squeeze squeezebox
🎸	ギター	guitar	エレキギター 楽器 音楽 instrument music strat
🎹	鍵盤	musical keyboard	キーボード ピアノ 楽器 音楽 instrument keyboard music musical piano
🎻	バイオリン	violin	ヴィオラ ストラディバリウス 楽器 音楽 instrument music
🪕	バンジョー	banjo	弦楽器 楽器 音楽 music stringed
🥁	ドラム	drum	ドラムスティック 太鼓 楽器 音楽 drumsticks music
🪘	コンガ	long drum	ドラム ビート リズム 太鼓 楽器 音楽 beat conga drum instrument long rhythm
🪇	マラカス	maracas	シェイカー ダンス パーティー ラトル リズム 打楽器 振る 楽器 音楽 cha dance instrument music party percussion rattle shake shaker
🪈	笛	flute	オーケストラ バンド ピッコロ フルート フルート奏者 リコーダー 楽器 横笛 管楽器 音楽 band fife flautist instrument marching music orchestra piccolo pipe recorder woodwind
🪉	ハープ	harp	オーケストラ キューピッド 弦楽器 愛 楽器 音楽 cupid instrument love music orchestra
📱	携帯電話	mobile phone	スマートフォン スマホ モバイル 携帯 cell communication mobile phone telephone
📲	着信中	mobile phone with arrow	スマートフォン スマホ モバイル 受信 携帯受信 携帯電話 電話 arrow build call cell communication mobile phone receive telephone
☎️	固定電話	telephone	ボタン式電話 親機 電話 黒電話 phone
📞	受話器	telephone receiver	子機 電話 communication phone receiver telephone voip
📟	ポケベル	pager	ページャー ポケットベル communication
📠	ファックス	fax machine	FAX 複合機 電話 communication fax machine
🔋	電池	battery	バッテリー 乾電池
🪫	バッテリー残量低下	low battery	バッテリー 充電不足 電池切れ寸前 電池残量低下 battery drained electronic energy low power
🔌	コンセント	electric plug	プラグ 電気 電源 electric electricity plug
💻	ノートパソコン	laptop	PC コンピューター パソコン ラップトップ computer office pc personal
🖥️	デスクトップパソコン	desktop computer	PC コンピューター デスクトップ パソコン モニター computer desktop monitor
🖨️	プリンタ	printer	コピー機 コンピューター プリンター 印刷機 複合機 computer
⌨️	キーボード	keyboard	PC コンピューター パソコン computer
🖱️	マウス	computer mouse	PC コンピューター パソコン computer mouse
🖲️	トラックボール	trackball	PC コンピューター パソコン computer
💽	MD	computer disk	MO コンピューター ミニディスク computer disk minidisk optical
💾	フロッピー	floppy disk	FD コンピューター ディスク フロッピーディスク computer disk floppy
💿	CD	optical disk	Blu-ray DVD コンピューター ディスク ブルーレイ 光ディスク blu-ray computer disk dvd optical
📀	DVD	dvd	Blu-ray CD ディスク ブルーレイ cd computer disk optical
🧮	そろばん	abacus	アバカス 算盤 計算 calculation calculator
🎥	映画カメラ	movie camera	カメラ シネマ ハリウッド フィルム ムービー 撮影 映画 bollywood camera cinema film hollywood movie record
🎞️	映画フィルム	film frames	シネマ フィルム フレーム ムービー 映画 cinema film frames movie
📽️	映写機	film projector	ビデオ フィルム プロジェクター ムービー 映画 cinema film movie projector video
🎬	カチンコ	clapper board	映画 action board clapper movie
📺	テレビ	television	TV ビデオ tv video
📷	カメラ	camera	写真 photo selfie snap tbt trip video
📸	フラッシュを焚いているカメラ	camera with flash	カメラ カメラフラッシュ フラッシュ 写真 camera flash video
📹	ビデオカメラ	video camera	カメラ ビデオ ムービー 動画 録画 camcorder camera tbt video
📼	ビデオテープ	videocassette	VHS テープ ビデオ ビデオカセット 動画 old school tape vcr vhs video
🔍	虫眼鏡左	magnifying glass tilted left	ルーペ 拡大鏡 検索 科学 虫めがね glass lab left left-pointing magnifying science search tilted tool
🔎	虫眼鏡右	magnifying glass tilted right	ルーペ 拡大鏡 検索 科学 虫めがね contact glass lab magnifying right right-pointing science search tilted tool
🕯️	ろうそく	candle	キャンドル ロウソク 明かり light
💡	電球	light bulb	ぴこーん ひらめき マンガ 明かり bulb comic electric idea light
🔦	懐中電灯	flashlight	ライト 明かり electric light tool torch
🏮	赤ちょうちん	red paper lantern	ちょうちん 居酒屋 飲み屋 bar lantern light paper red restaurant
🪔	ディヤランプ	diya lamp	オイル ランプ 明かり diya lamp light oil
📔	表紙付きノート	notebook with decorative cover	ノート 学校 文具 文房具 本 book cover decorated decorative education notebook school writing
📕	閉じた本	closed book	書籍 本 赤い本 book closed education
📖	開いた本	open book	図書館 小説 書籍 本 知識 読書 book education fantasy knowledge library novels open reading
📗	緑の本	green book	図書館 書籍 本 読書 book education fantasy green library reading
📘	青の本	blue book	図書館 書籍 本 読書 青い本 blue book education fantasy library reading
📙	オレンジの本	orange book	図書館 書籍 本 読書 book education fantasy library orange reading
📚	本の山	books	勉強 学校 小説 書籍 本 読書 book education fantasy knowledge library novels reading school study
📓	ノート	notebook	手帳 文具 文房具
📒	リングノート	ledger	ノート 台帳 文具 文房具 notebook
📃	巻きページ	page with curl	カール ドキュメント 文書 書類 curl document page paper
📜	巻き物	scroll	文書 書類 紙 paper
📄	ページ	page facing up	ドキュメント 文書 書類 document facing page paper up
📰	新聞	newspaper	ニュース 新聞紙 communication news paper
🗞️	丸めた新聞	rolled-up newspaper	ニュース 新聞 新聞紙 news newspaper paper rolled rolled-up
📑	ページに付箋	bookmark tabs	ふせん 付箋 文具 文房具 bookmark mark marker tabs
🔖	しおり	bookmark	タグ ブックマーク 付箋 mark
🏷️	荷札	label	タグ ラベル tag
🪙	コイン	coin	お金 小銭 硬貨 金貨 銀貨 dollar euro gold metal money rich silver treasure
💰	ドル袋	money bag	お金 キャッシュ ドル 現金 賞金 賭け金 金持ち 金袋 銀行 bag bank bet billion cash cost dollar gold million money moneybag paid paying pot rich win
🪎	宝箱	treasure chest	お宝 お金 ジュエリー 宝石 富 財宝 貴金属 金貨 gem gold jewels loot money prize silver valuables wealth
💴	円札	yen banknote	お札 お金 円 札束 紙幣 通貨 bank banknote bill currency money note yen
💵	ドル札	dollar banknote	お札 お金 ドル 札束 紙幣 通貨 bank banknote bill currency dollar money note
💶	ユーロ札	euro banknote	お札 お金 ユーロ 札束 紙幣 通貨 100 bank banknote bill currency euro money note rich
💷	ポンド札	pound banknote	お札 お金 ポンド 札束 現金 紙幣 通貨 bank banknote bill billion cash currency money note pound pounds
💸	羽が生えたお金	money with wings	お札 お金 ドル 支払い 札束 紙幣 bank banknote bill billion cash dollar fly million money note pay wings
💳	クレジットカード	credit card	お金 カード キャッシュカード 支払い 銀行 bank card cash charge credit money pay
🧾	レシート	receipt	会計 簿記 請求書 領収書 accounting bookkeeping evidence invoice proof
💹	為替	chart increasing with yen	グラフ チャート 円 円高 市場 株 株価 bank chart currency graph growth increasing market money rise trend upward yen
✉️	封筒	envelope	Eメール メール 手紙 郵便 電子メール e-mail email letter
📧	Eメール	e-mail	メール 封筒 手紙 郵便 電子メール email letter mail
📨	メール受信中	incoming envelope	Eメール 受信中 受信箱 封筒 手紙 電子メール delivering e-mail email envelope incoming letter mail receive sent
📩	メール受信	envelope with arrow	Eメール メール送信 受信 封筒と矢印 送信 電子メール arrow communication down e-mail email envelope letter mail outgoing send sent
📤	送信トレイ	outbox tray	Eメール トレイ 箱 送信 送信箱 電子メール box email letter mail outbox sent tray
📥	受信トレイ	inbox tray	Eメール トレイ 受信 受信なし 受信箱 箱 電子メール box email inbox letter mail receive tray zero
📦	荷物	package	宅急便 宅配便 小包 段ボール 箱 配送 配達 box communication delivery parcel shipping
📫	閉じた郵便受け（手紙あり）	closed mailbox with raised flag	ポスト 手紙あり 郵便受け 郵便箱 閉じた closed communication flag mail mailbox postbox raised
📪	閉じた郵便受け（手紙なし）	closed mailbox with lowered flag	ポスト 手紙なし 郵便受け 郵便箱 閉じた closed flag lowered mail mailbox postbox
📬	開いた郵便受け（手紙あり）	open mailbox with raised flag	ポスト 手紙あり 郵便受け 郵便箱 開いた flag mail mailbox open postbox raised
📭	開いた郵便受け（手紙なし）	open mailbox with lowered flag	ポスト 手紙なし 郵便受け 郵便箱 開いた flag lowered mail mailbox open postbox
📮	郵便ポスト	postbox	ポスト 手紙 郵便 郵便箱 mail mailbox
🗳️	投票箱	ballot box with ballot	投票 選挙 ballot box
✏️	鉛筆	pencil	文具 文房具
✒️	ペン先	black nib	万年筆 文具 文房具 black nib pen
🖋️	万年筆	fountain pen	ペン 文具 文房具 fountain pen
🖊️	ペン	pen	ボールペン 文具 文房具 ballpoint
🖌️	絵筆	paintbrush	文具 文房具 絵の具 painting
🖍️	クレヨン	crayon	文具 文房具
📝	鉛筆とメモ	memo	メモ 文具 文房具 紙と鉛筆 鉛筆 communication media notes pencil
💼	ブリーフケース	briefcase	かばん 鞄 office
📁	フォルダー	file folder	ファイル 文具 文房具 file folder
📂	開いたフォルダー	open file folder	ファイル フォルダー 文具 文房具 開く file folder open
🗂️	カードフォルダー	card index dividers	インデックス フォルダー 文具 文房具 card dividers index
📅	カレンダー	calendar	スケジュール 予定 日付 date
📆	日めくりカレンダー	tear-off calendar	カレンダー スケジュール 予定 日付 calendar tear-off
🗒️	メモ帳	spiral notepad	ノート リングメモ 文具 文房具 note notepad pad spiral
🗓️	月めくりカレンダー	spiral calendar	カレンダー スケジュール 予定 日付 calendar pad spiral
📇	カードインデックス	card index	名刺ホルダー 文具 文房具 card index old rolodex school
📈	グラフ上向き	chart increasing	グラフ チャート データ 上向き 上昇 右肩上がり 成長 折れ線グラフ chart data graph growth increasing right trend up upward
📉	グラフ下向き	chart decreasing	チャート データ 下向き 下降 右肩下がり 折れ線グラフ chart data decreasing down downward graph negative trend
📊	棒グラフ	bar chart	グラフ チャート データ bar chart data graph
📋	クリップボード	clipboard	クリップ メモ 文具 文房具 do list notes
📌	押しピン	pushpin	文具 文房具 画鋲 collage pin
📍	丸い押しピン	round pushpin	ピン プッシュピン 地図 押しピン 文具 文房具 画びょう location map pin pushpin round
📎	クリップ	paperclip	ゼムクリップ ペーパークリップ 文具 文房具 紙クリップ
🖇️	つながったクリップ	linked paperclips	クリップ ペーパークリップ 文具 文房具 紙クリップ link linked paperclip paperclips
📏	定規	straight ruler	ものさし 文具 文房具 直定規 angle edge math ruler straight straightedge
📐	三角定規	triangular ruler	定規 文具 文房具 angle math rule ruler set slide triangle triangular
✂️	はさみ	scissors	カット ハサミ 切る 文具 文房具 cut cutting paper tool
🗃️	カードファイルボックス	card file box	カード ファイル ボックス 文具 文房具 箱 box card file
🗄️	ファイルキャビネット	file cabinet	キャビネット ファイル 引き出し cabinet file filing paper
🗑️	ごみ箱	wastebasket	くずかご ごみかご ゴミ箱 can garbage trash waste
🔒	閉じた錠	locked	ロック 南京錠 施錠 錠 鍵 closed lock private
🔓	開いた錠	unlocked	ロック 南京錠 解錠 錠 鍵 cracked lock open unlock
🔏	閉じた錠とペン	locked with pen	プライバシー ロック 南京錠 鍵 ink lock locked nib pen privacy
🔐	閉じた錠と鍵	locked with key	キー セキュリティ ロック 南京錠 安全 錠 鍵 bike closed key lock locked secure
🔑	鍵	key	キー パスワード 開錠 keys lock major password unlock
🗝️	古い鍵	old key	キー パスワード 手がかり 鍵 clue key lock old
🔨	ハンマー	hammer	かなづち とんかち 工具 home improvement repairs tool
🪓	斧	axe	おの ハチェット 工具 木 薪割り ax chop hatchet split wood
⛏️	つるはし	pick	工具 採掘 hammer mining tool
⚒️	ハンマーとつるはし	hammer and pick	かなづち つるはし とんかち ハンマー 工具 hammer pick tool
🛠️	ハンマーとレンチ	hammer and wrench	かなづち スパナ とんかち レンチ 工具 hammer spanner tool wrench
🗡️	短刀	dagger	ダガー ナイフ 武器 短剣 knife weapon
⚔️	クロスした剣	crossed swords	つるぎ 刀 剣 武器 crossed swords weapon
💣	爆弾	bomb	危険 爆発 boom comic dangerous explosion hot
🪃	ブーメラン	boomerang	オーストラリア 武器 玩具 跳ね返り 返って来る rebound repercussion weapon
🏹	弓矢	bow and arrow	射手 射手座 弓 星座 武器 矢 archer archery arrow bow Sagittarius tool weapon zodiac
🛡️	盾	shield	シールド 防具 weapon
🪚	のこぎり	carpentry saw	ノコ 刃 切る 大工 工具 木工 carpenter carpentry cut lumber saw tool trim
🔧	レンチ	wrench	スパナ 工具 home improvement spanner tool
🪛	ねじ回し	screwdriver	スクリュードライバー ドライバー マイナスドライバー 工具 flathead handy screw tool
🔩	ボルトとナット	nut and bolt	ナット ボルト 工具 bolt home improvement nut tool
⚙️	歯車	gear	ギア 工具 cog cogwheel tool
🗜️	万力	clamp	クランプ バイス 工具 compress tool vice
⚖️	天秤	balance scale	はかり バランス 化学 天秤座 実験 星座 balance justice Libra scale scales tool weight zodiac
🦯	白杖	white cane	アクセシビリティ つえ 視覚 障がい accessibility blind cane probing white
🔗	リンクシンボル	link	リンク 環 links
⛓️‍💥	壊れた鎖	broken chain	くさり チェーン 壊れた break breaking broken chain cuffs freedom
⛓️	鎖	chains	くさり チェーン chain
🪝	フック	hook	引っかけ 引っ掛け 掛け金 留め金 鉤 catch crook curve ensnare point selling
🧰	工具箱	toolbox	ツールボックス メカニック 整備士 機械工 箱 赤い箱 box chest mechanic red tool
🧲	U字型磁石	magnet	マグネット 引き付ける 正負 磁石 蹄鉄 attraction horseshoe magnetic negative positive shape u
🪜	はしご	ladder	ステッパー 梯子 登る 高所作業 climb rung step
🪏	シャベル	shovel	ショベル スコップ 掘る 穴 鋤 bury dig garden hole plant scoop snow spade
⚗️	蒸留器	alembic	化学 実験 chemistry tool
🧪	試験管	test tube	ラボ 化学 化学者 実験 科学 chemist chemistry experiment lab science test tube
🧫	ペトリ皿	petri dish	バクテリア 培養 実験 生物学 生物学者 bacteria biologist biology culture dish lab petri
🧬	DNA	dna	生命 生物学 生物学者 進化 遺伝子 biologist evolution gene genetics life
🔬	顕微鏡	microscope	サイエンス 実験 研究 科学 experiment lab science tool
🔭	望遠鏡	telescope	サイエンス 天体観測 科学 観測 contact extraterrestrial science tool
📡	パラボラアンテナ	satellite antenna	アンテナ パラボラ 科学 衛星アンテナ 電波 aliens antenna contact dish satellite science
💉	注射器	syringe	予防接種 医療器具 医者 注射 病気 薬 針 doctor flu medicine needle shot sick tool vaccination
🩸	血液	drop of blood	けが 出血 医療 医者 献血 生理 bleed blood donation drop injury medicine menstruation
💊	薬	pill	カプセル ビタミン剤 医者 病気 doctor drugs medicated medicine pills sick vitamin
🩹	絆創膏	adhesive bandage	けが ばんそうこう 傷 手当て 薬 adhesive bandage
🩼	松葉杖	crutch	ステッキ 怪我 杖 歩行補助 障がい aid cane disability help hurt injured mobility stick
🩺	聴診器	stethoscope	医療 医者 心臓 病気 doctor heart medicine
🩻	X線	x-ray	レントゲン 医者 骨 骨格 bones doctor medical skeleton skull xray
🚪	ドア	door	戸 扉 玄関 back closet front
🛗	エレベーター	elevator	アクセシビリティ バリアフリー リフト 昇降機 accessibility hoist lift
🪞	鏡	mirror	ミラー メーク 反射 姿見 身だしなみ makeup reflection reflector speculum
🪟	窓	window	ウィンドウ フレーム 換気 眺め 開ける air frame fresh opening transparent view
🛏️	ベッド	bed	ホテル 寝る 睡眠 hotel sleep
🛋️	ソファとランプ	couch and lamp	ソファ ホテル ランプ 長椅子 couch hotel lamp
🪑	椅子	chair	シート チェア 家具 腰掛け seat sit
🚽	便器	toilet	お手洗い トイレ 便座 bathroom
🪠	ラバーカップ	plunger	すっぽん トイレ プランジャー 吸引カップ 通水カップ cup force plumber poop suction toilet
🚿	シャワー	shower	風呂 water
🛁	バスタブ	bathtub	泡風呂 浴槽 風呂 bath
🪤	ねずみ捕り	mouse trap	おびき寄せる チーズ ばね マウストラップ わな 仕掛け bait cheese lure mouse mousetrap snare trap
🪒	剃刀	razor	かみそり ひげそり レーザー レザー 刃 刃物 鋭い sharp shave
🧴	ローション	lotion bottle	シャンプー ローションボトル 化粧水 日焼け止め bottle lotion moisturizer shampoo sunscreen
🧷	安全ピン	safety pin	止めピン diaper pin punk rock safety
🧹	ほうき	broom	掃く 掃除 魔女 cleaning sweeping witch
🧺	かご	basket	ピクニック 収穫 洗濯 farming laundry picnic
🧻	トイレットペーパー	roll of paper	キッチンペーパー ペーパータオル ロールペーパー paper roll toilet towels
🪣	バケツ	bucket	おけ ばけつ ポリバケツ 容器 cask pail vat
🧼	石けん	soap	ソープ 泡 清潔 風呂 bar bathing clean cleaning lather soapdish
🫧	泡	bubbles	あぶく シャボン玉 バブル 水中 石けん bubble burp clean floating pearl soap underwater
🪥	歯ブラシ	toothbrush	お手入れ ブラシ 歯磨き 洗面所 虫歯 衛生 bathroom brush clean dental hygiene teeth toiletry
🧽	スポンジ	sponge	吸収 掃除 海綿 absorbing cleaning porous soak
🧯	消火器	fire extinguisher	消火 消火器具 消防 火事 extinguish extinguisher fire quench
🛒	ショッピングカート	shopping cart	カート ショッピング スーパー 買い物 cart shopping trolley
🚬	煙草	cigarette	たばこ タバコ 喫煙 smoking
⚰️	棺桶	coffin	吸血鬼 埋葬 棺 死 死者 dead death vampire
🪦	墓石	headstone	お墓 埋葬 墓地 墓場 石碑 追悼 cemetery dead grave graveyard memorial rip tomb tombstone
⚱️	骨壺	funeral urn	埋葬 死 葬儀 遺灰 ashes death funeral urn
🧿	ナザール・ボンジュウ	nazar amulet	お守り ナザール ビーズ 邪視 青 魔除け amulet bead blue charm evil-eye nazar talisman
🪬	ハムサ	hamsa	お守り ファーティマ ミリアム 手 目 護符 amulet Fatima fortune guide hand Mary Miriam palm protect protection
🗿	モアイ	moai	モヤイ 像 石像 顔 face moyai statue stoneface travel
🪧	プラカード	placard	デモ 主張 抗議 異議 看板 card demonstration notice picket plaque protest sign
🪪	身分証	identification card	ID セキュリティ 免許証 身分証明書 運転免許証 card credentials document identification license security
🏧	ATM	ATM sign	現金自動預け払い機 銀行 automated bank cash money sign teller
🚮	ゴミ箱	litter in bin sign	くずかご ゴミ捨て ごみ箱 bin litter litterbin sign
🚰	飲料水	potable water	水 水道 飲み水 drinking potable water
♿	車椅子	wheelchair symbol	バリアフリー バリヤフリー access handicap symbol wheelchair
🚹	男子トイレ	men’s room	WC お手洗い トイレ 化粧室 男性 bathroom lavatory man men’s restroom room toilet
🚺	女子トイレ	women’s room	WC お手洗い トイレ 化粧室 女性 bathroom lavatory restroom room toilet woman women’s
🚻	トイレ	restroom	WC お手洗い 化粧室 bathroom lavatory toilet
🚼	ベビーマーク	baby symbol	ベビー ベビーシート 赤ちゃん 赤ん坊 baby changing symbol
🚾	WC	water closet	お手洗い トイレ 化粧室 bathroom closet lavatory restroom toilet water
🛂	出入国審査	passport control	パスポートコントロール 入出国 出入国 control passport
🛃	税関	customs	通関 packing
🛄	手荷物受取	baggage claim	スーツケース バゲッジクレーム 手荷物 預け入れ荷物 arrived baggage bags case checked claim journey packing plane ready travel trip
🛅	手荷物預かり	left luggage	コインロッカー スーツケース ロッカー 手荷物 baggage case left locker luggage
⚠️	警告	warning	標識 注意 caution
🚸	児童横断	children crossing	子供 学校、幼稚園、保育所等あり 標識 通学路 child children crossing pedestrian traffic
⛔	車両進入禁止	no entry	標識 禁止 規制 進入禁止 道路 do entry fail forbidden no not pass prohibited traffic
🚫	車両通行止め	prohibited	標識 禁止 規制 通行止め 道路 entry forbidden no not smoke
🚳	自転車禁止	no bicycles	標識 禁止 自転車 規制 道路 bicycle bicycles bike forbidden no not prohibited
🚭	禁煙	no smoking	タバコ 煙草 禁止 forbidden no not prohibited smoke smoking
🚯	ポイ捨て禁止	no littering	ごみ ゴミ ゴミ捨て禁止 禁止 forbidden litter littering no not prohibited
🚱	飲用不可	non-potable water	禁止 飲めない水 飲用禁止 dry non-drinking non-potable prohibited water
🚷	歩行者立入禁止	no pedestrians	標識 禁止 規制 道路 forbidden no not pedestrian pedestrians prohibited
📵	携帯電話禁止	no mobile phones	スマートフォン禁止 スマホ禁止 携帯禁止 cell forbidden mobile no not phone phones prohibited telephone
🔞	18歳未満禁止	no one under eighteen	18禁 年齢制限 未成年 禁止 18 age eighteen forbidden no not one prohibited restriction underage
☢️	放射能	radioactive	危険 放射性 放射線 sign
☣️	バイオハザード	biohazard	危険 有害物質 sign
⬆️	上矢印	up arrow	上 北 矢印 arrow cardinal direction north up
↗️	右上矢印	up-right arrow	北東 右上 矢印 arrow direction intercardinal northeast up-right
➡️	右矢印	right arrow	右 東 矢印 arrow cardinal direction east right
↘️	右下矢印	down-right arrow	南東 右下 矢印 arrow direction down-right intercardinal southeast
⬇️	下矢印	down arrow	下 南 矢印 arrow cardinal direction down south
↙️	左下矢印	down-left arrow	南西 左下 矢印 arrow direction down-left intercardinal southwest
⬅️	左矢印	left arrow	左 矢印 西 arrow cardinal direction left west
↖️	左上矢印	up-left arrow	北西 左上 矢印 arrow direction intercardinal northwest up-left
↕️	上下矢印	up-down arrow	上下 矢印 arrow up-down
↔️	左右矢印	left-right arrow	左右 矢印 arrow left-right
↩️	右カーブ矢印	right arrow curving left	カーブ 左 曲線 矢印 arrow curving left right
↪️	左カーブ矢印	left arrow curving right	カーブ 右 曲線 矢印 arrow curving left right
⤴️	上カーブ矢印	right arrow curving up	カーブ 上 曲線 矢印 arrow curving right up
⤵️	下カーブ矢印	right arrow curving down	カーブ 下 曲線 矢印 arrow curving down right
🔃	右回り縦矢印	clockwise vertical arrows	リロード 再読み込み 右回り 時計回り 矢印 arrow arrows clockwise refresh reload vertical
🔄	左回り矢印	counterclockwise arrows button	リピート 反時計回り 更新 矢印 繰り返し 逆回り again anticlockwise arrow arrows button counterclockwise deja refresh rewindershins vu
🔙	BACK矢印	BACK arrow	BACK バック 戻る 矢印 arrow
🔚	END矢印	END arrow	END エンド 矢印 終わり arrow
🔛	ON矢印	ON! arrow	ON オン 矢印 arrow mark ON!
🔜	SOON矢印	SOON arrow	SOON すぐ 矢印 arrow brb omw
🔝	TOP矢印	TOP arrow	TOP トップ 上 矢印 arrow homie up
🛐	礼拝所	place of worship	宗教 礼拝 祈り place pray religion worship
⚛️	原子のシンボル	atom symbol	元素 分子 原子 無神論 atheist atom symbol
🕉️	オーム	om	ヒンズー教 ヒンドゥー教 宗教 Hindu religion
✡️	ダビデの星	star of David	ユダヤ教 六芒星 宗教 星 David Jew Jewish judaism religion star
☸️	法輪	wheel of dharma	仏教 宗教 転法輪 Buddhist dharma religion wheel
☯️	陰陽	yin yang	インヤン 宗教 道教 difficult lives religion tao taoist total yang yin yinyang
✝️	十字架	latin cross	キリスト教 クロス ラテン十字 宗教 christ Christian cross latin religion
☦️	八端十字架	orthodox cross	キリスト教 十字架 宗教 Christian cross orthodox religion
☪️	星と三日月	star and crescent	イスラム教 ムスリム 三日月 宗教 星 crescent islam Muslim ramadan religion star
☮️	ピースマーク	peace symbol	平和 平和のシンボル healing peace peaceful symbol
🕎	メノーラー	menorah	ハヌカー メノラー ユダヤ教 宗教 燭台 candelabrum candlestick hanukkah jewish judaism religion
🔯	六芒星	dotted six-pointed star	ダビデ ユダヤ教 六角星 占い 星 dotted fortune jewish judaism six-pointed star
🪯	カンダ	khanda	カルサ シーク教 シーク教徒 シク教 信仰 剣 宗教 Deg Fateh Khalsa Khanda religion Sikh Sikhism Tegh
♈	おひつじ座	Aries	星座 牡羊座 horoscope ram zodiac
♉	おうし座	Taurus	星座 牡牛座 bull horoscope ox zodiac
♊	ふたご座	Gemini	双子座 星座 horoscope twins zodiac
♋	かに座	Cancer	星座 蟹座 crab horoscope zodiac
♌	しし座	Leo	星座 獅子座 horoscope lion zodiac
♍	おとめ座	Virgo	乙女座 星座 horoscope zodiac
♎	てんびん座	Libra	天秤座 星座 balance horoscope justice scales zodiac
♏	さそり座	Scorpio	星座 蠍座 horoscope scorpion Scorpius zodiac
♐	いて座	Sagittarius	射手座 星座 archer horoscope zodiac
♑	やぎ座	Capricorn	山羊座 星座 goat horoscope zodiac
♒	みずがめ座	Aquarius	星座 水瓶座 bearer horoscope water zodiac
♓	うお座	Pisces	星座 魚座 fish horoscope zodiac
⛎	へびつかい座	Ophiuchus	星座 蛇遣座 bearer serpent snake zodiac
🔀	シャッフルボタン	shuffle tracks button	シャッフル ボタン 交差 矢印 arrow button crossed shuffle tracks
🔁	リピートボタン	repeat button	ボタン リピート 全曲 時計回り 矢印 繰り返し arrow button clockwise repeat
🔂	1曲リピートボタン	repeat single button	ボタン リピート 時計回り 矢印 繰り返し arrow button clockwise once repeat single
▶️	再生ボタン	play button	プレイ ボタン 再生 矢印 arrow button play right triangle
⏩	早送りボタン	fast-forward button	ボタン 倍速 早送り 矢印 arrow button double fast fast-forward forward
⏭️	次の曲ボタン	next track button	ボタン 次のシーン 次のトラック 矢印 arrow button next scene track triangle
⏯️	再生／一時停止ボタン	play or pause button	ボタン 一時停止 再生 矢印 arrow button pause play right triangle
◀️	逆再生ボタン	reverse button	ボタン 巻き戻し 矢印 逆再生 arrow button left reverse triangle
⏪	早戻しボタン	fast reverse button	倍速 巻き戻し 戻る 早戻し 矢印 arrow button double fast reverse rewind
⏮️	前の曲ボタン	last track button	ボタン 前のシーン 前のトラック 矢印 arrow button last previous scene track triangle
🔼	上ボタン	upwards button	ボタン 上 矢印 arrow button red up upwards
⏫	高速上ボタン	fast up button	ボタン 上 二重 矢印 arrow button double fast up
🔽	下ボタン	downwards button	ボタン 下 矢印 arrow button down downwards red
⏬	高速下ボタン	fast down button	ボタン 下 二重 矢印 arrow button double down fast
⏸️	一時停止ボタン	pause button	ポーズ ボタン 一時停止 bar button double pause vertical
⏹️	停止ボタン	stop button	ストップ ボタン 停止 四角 button square stop
⏺️	録音録画ボタン	record button	ボタン 丸 録画 録音 button circle record
⏏️	取り出しボタン	eject button	イジェクト ボタン 取り出し button eject
🎦	映画	cinema	カメラ 動画 映画館 camera film movie
🔅	低輝度	dim button	ブライトネス 明るさ 暗い 輝度 brightness button dim low
🔆	高輝度	bright button	ブライトネス 明るい 明るさ 輝度 bright brightness button light
📶	アンテナマーク	antenna bars	スマートフォン スマホ 圏内 携帯電話 電波 antenna bar bars cell communication mobile phone signal telephone
🛜	Wi-Fi	wireless	インターネット スマホ ネットワーク ブロードバンド ホットスポット 接続 無線 無線LAN 電波 broadband computer connectivity hotspot internet network router smartphone wi-fi wifi wlan
📳	マナーモード	vibration mode	スマートフォン スマホ 携帯 携帯電話 cell communication mobile mode phone telephone vibration
📴	携帯電話電源オフ	mobile phone off	オフ スマートフォン スマホ 携帯電話 電源オフ cell mobile off phone telephone
♀️	女性のマーク	female sign	シンボル 女 女性 female sign woman
♂️	男性のマーク	male sign	シンボル 男 男性 male man sign
⚧️	トランスジェンダーのマーク	transgender symbol	LGBT TG シンボル 性別 symbol transgender
✖️	掛け算	multiply	キャンセル バツ ペケ 乗算 記号 × cancel multiplication sign x
➕	プラス	plus	+ 加算 記号 足し算 足す
➖	マイナス	minus	- 引き算 引く 減算 計算 記号 − heavy math sign
➗	割り算	divide	/ 割る 記号 除算 ÷ division heavy math sign
🟰	太字の等号	heavy equals sign	イコール 数学 等しい 等号 answer equal equality equals heavy math sign
♾️	無限大	infinity	万物 永遠 無限 forever unbounded universal
‼️	二重感嘆符	double exclamation mark	! エクスクラメーションマーク びっくりマーク 感嘆符 約物 記号 !! bangbang double exclamation mark punctuation
⁉️	感嘆符疑問符	exclamation question mark	! !? ? はてなマーク びっくりマーク 記号 exclamation interrobang mark punctuation question
❓	赤い疑問符	red question mark	? クエスチョンマーク はてなマーク 疑問符 約物 記号 mark punctuation question red
❔	白い疑問符	white question mark	? クエスチョンマーク はてなマーク 疑問符 約物 記号 mark outlined punctuation question white
❕	白い感嘆符	white exclamation mark	! エクスクラメーションマーク びっくりマーク 疑問符 約物 記号 exclamation mark outlined punctuation white
❗	赤い感嘆符	red exclamation mark	! エクスクラメーションマーク びっくりマーク 感嘆符 約物 記号 exclamation mark punctuation red
〰️	波線	wavy dash	波 約物 記号 dash punctuation wavy
💱	外貨両替	currency exchange	お金 ドル ドル円 両替 円 円ドル 通貨 bank currency exchange money
💲	ドル記号	heavy dollar sign	お金 ドル 通貨 billion cash charge currency dollar heavy million money pay sign
⚕️	医療のシンボル	medical symbol	アスクレピオスの杖 医療 医者 治療 aesculapius medical medicine staff symbol
♻️	リサイクルマーク	recycling symbol	リサイクル 再利用 再生 recycle recycling symbol
⚜️	フルール・ド・リス	fleur-de-lis	エンブレム フランス王家 ユリ 紋章 knights
🔱	トライデント	trident emblem	エンブレム 三つ又 海 anchor emblem poseidon ship tool trident
📛	名札	name badge	バッジ 保育園 保育所 幼稚園 badge name
🔰	初心者マーク	Japanese symbol for beginner	初心者 若葉マーク beginner chevron green Japanese leaf symbol tool yellow
⭕	太い丸	hollow red circle	円 記号 赤い丸 輪 circle heavy hollow large o red
✅	白抜きのチェック	check mark button	チェック チェックマーク 済 記号 ✓ button check checked checkmark complete completed done fixed mark tick
☑️	チェックボックス	check box with check	チェック チェックマーク 済 記号 ✓ ballot box check checked done off tick
✔️	太字のチェック	check mark	チェック チェックマーク 済 記号 ✓ check checked checkmark done heavy mark tick
❌	バツ	cross mark	キャンセル ペケ 乗算 掛け算 記号 × cancel cross mark multiplication multiply x
❎	白抜きのバツ	cross mark button	キャンセル バツ ペケ 乗算 掛け算 記号 × button cross mark multiplication multiply square x
➰	ループ	curly loop	記号 輪っか 長音 curl curly loop
➿	ダブルループ	double curly loop	フリーダイヤル ループ 記号 輪っか curl curly double loop
〽️	いおりてん	part alternation mark	庵点 歌記号 約物 記号 alternation mark part
✳️	八角アスタリスク	eight-spoked asterisk	アスタリスク 約物 記号 * asterisk eight-spoked
✴️	八角星	eight-pointed star	星 約物 記号 * eight-pointed star
❇️	スパークル	sparkle	アスタリスク キラキラ 約物 記号 *
©️	著作権マーク	copyright	Cマーク コピーライト 著作権 記号 C
®️	登録商標マーク	registered	Rマーク 登録商標 記号 R
™️	商標マーク	trade mark	TMマーク トレードマーク 商標 記号 mark TM trade trademark
🫟	飛び散ったペンキ	splatter	しぶき スプラッシュ ペンキ 飛び散り 飛沫 drip holi ink liquid mess paint spill stain
0️⃣	囲み数字: 0	keycap: 0	0 囲み数字 keycap zero
1️⃣	囲み数字: 1	keycap: 1	1 一 囲み数字 keycap one
2️⃣	囲み数字: 2	keycap: 2	2 二 囲み数字 keycap two
3️⃣	囲み数字: 3	keycap: 3	3 三 囲み数字 keycap three
4️⃣	囲み数字: 4	keycap: 4	4 四 囲み数字 four keycap
5️⃣	囲み数字: 5	keycap: 5	5 五 囲み数字 five keycap
6️⃣	囲み数字: 6	keycap: 6	6 六 囲み数字 keycap six
7️⃣	囲み数字: 7	keycap: 7	7 七 囲み数字 keycap seven
8️⃣	囲み数字: 8	keycap: 8	8 八 囲み数字 eight keycap
9️⃣	囲み数字: 9	keycap: 9	9 九 囲み数字 keycap nine
🔠	英大文字の入力	input latin uppercase	ABCD アルファベット ローマ字 入力 大文字 英字 input latin letters uppercase
🔡	英小文字の入力	input latin lowercase	abcd アルファベット ローマ字 入力 小文字 英字 input latin letters lowercase
🔢	数字の入力	input numbers	1234 入力 数字 input numbers
🔣	記号の入力	input symbols	〒♪&% 入力 記号 & % ♪ 〒 input symbols
🔤	英字の入力	input latin letters	abc アルファベット ローマ字 入力 英字 alphabet input latin letters
🅰️	血液型A型	A button (blood type)	A型 血液型 blood button type
🆎	血液型AB型	AB button (blood type)	AB型 血液型 AB blood button type
🅱️	血液型B型	B button (blood type)	B型 血液型 B blood button type
🆑	CLマーク	CL button	CL クリア button
🆒	COOLマーク	COOL button	COOL クール button
🆓	FREEマーク	FREE button	タダ フリー 無料 button FREE
ℹ️	iマーク	information	i インフォメーション 情報 案内所 I
🆔	IDマーク	ID button	ID アイディー button identity
Ⓜ️	丸いMマーク	circled M	M 丸 circle circled
🆕	NEWマーク	NEW button	NEW 新 新しい button
🆖	NGマーク	NG button	NG エヌジー ボツ button
🅾️	血液型O型	O button (blood type)	O型 血液型 blood button O type
🆗	OKマーク	OK button	OK オーケー オッケー button okay
🅿️	Pマーク	P button	P パーキング 駐車場 button parking
🆘	SOSマーク	SOS button	SOS エスオーエス 助けて button help
🆙	UPマーク	UP! button	UP アップ 更新 button mark UP!
🆚	VSマーク	VS button	ヴァーサス ヴィエス バーサス ブイエス 対 button versus VS
🈁	ココのマーク	Japanese “here” button	ここ ココ button here Japanese katakana
🈂️	サのマーク	Japanese “service charge” button	サ サービス料 button charge Japanese katakana service
🈷️	月マーク	Japanese “monthly amount” button	月 月極 月額 amount button ideograph Japanese monthly
🈶	有マーク	Japanese “not free of charge” button	有 有料 有限 button charge free ideograph Japanese not
🈯	指マーク	Japanese “reserved” button	指 指定席 button ideograph Japanese reserved
🉐	マル得	Japanese “bargain” button	お得 バーゲン 得 bargain button ideograph Japanese
🈹	割マーク	Japanese “discount” button	ディスカウント 割 割引 button discount ideograph Japanese
🈚	無マーク	Japanese “free of charge” button	タダ 無 無料 button charge free ideograph Japanese
🈲	禁マーク	Japanese “prohibited” button	厳禁 禁 禁止 button ideograph Japanese prohibited
🉑	可マーク	Japanese “acceptable” button	可 可能 許可 acceptable button ideograph Japanese
🈸	申マーク	Japanese “application” button	申 申し込み 申請 application button ideograph Japanese
🈴	合マーク	Japanese “passing grade” button	合 合格 button grade ideograph Japanese passing
🈳	空マーク	Japanese “vacancy” button	空 空き 空室 空席 button ideograph Japanese vacancy
㊗️	祝マーク	Japanese “congratulations” button	おめでとう お祝い 祝 button congratulations ideograph Japanese
㊙️	マル秘	Japanese “secret” button	極秘 社外秘 秘 秘密 button ideograph Japanese secret
🈺	営マーク	Japanese “open for business” button	営 営業中 営業日 business button ideograph Japanese open
🈵	満マーク	Japanese “no vacancy” button	満員 満室 満席 満車 button ideograph Japanese no vacancy
🔴	赤い丸	red circle	丸 丸いボタン 赤 circle geometric red
🟠	オレンジの丸	orange circle	オレンジ 丸 丸いボタン circle orange
🟡	黄色い丸	yellow circle	丸 丸いボタン 黄色 circle yellow
🟢	緑の丸	green circle	丸 丸いボタン 緑 circle green
🔵	青い丸	blue circle	丸 丸いボタン 青 blue circle geometric
🟣	紫の丸	purple circle	丸 丸いボタン 紫 circle purple
🟤	茶色の丸	brown circle	丸 丸いボタン 茶色 brown circle
⚫	黒い丸	black circle	丸 丸いボタン 黒 黒丸 black circle geometric
⚪	白い丸	white circle	丸 丸いボタン 白 circle geometric white
🟥	赤い四角	red square	四角 正方形 赤 card penalty red square
🟧	オレンジの四角	orange square	オレンジ 四角 正方形 orange square
🟨	黄色い四角	yellow square	四角 正方形 黄色 card penalty square yellow
🟩	緑の四角	green square	四角 正方形 緑 green square
🟦	青い四角	blue square	四角 正方形 青 blue square
🟪	紫の四角	purple square	四角 正方形 紫 purple square
🟫	茶色い四角	brown square	四角 正方形 茶色 brown square
⬛	黒四角特大	black large square	四角 正方形 黒 black geometric large square
⬜	白四角特大	white large square	四角 正方形 白 geometric large square white
◼️	黒四角大	black medium square	四角 正方形 黒 black geometric medium square
◻️	白四角大	white medium square	四角 正方形 白 geometric medium square white
◾	黒四角中	black medium-small square	四角 正方形 黒 black geometric medium-small square
◽	白四角中	white medium-small square	四角 正方形 白 geometric medium-small square white
▪️	黒四角小	black small square	四角 正方形 黒 black geometric small square
▫️	白四角小	white small square	四角 正方形 白 geometric small square white
🔶	大きいオレンジのひし形	large orange diamond	オレンジ ダイア ダイヤ ひし形 四角 diamond geometric large orange
🔷	大きい青のひし形	large blue diamond	ダイア ダイヤ ひし形 四角 青 blue diamond geometric large
🔸	小さいオレンジのひし形	small orange diamond	オレンジ ダイア ダイヤ ひし形 四角 diamond geometric orange small
🔹	小さい青のひし形	small blue diamond	ダイア ダイヤ ひし形 四角 青 blue diamond geometric small
🔺	赤い上三角	red triangle pointed up	三角 上 赤 geometric pointed red triangle up
🔻	赤い下三角	red triangle pointed down	三角 下 赤 down geometric pointed red triangle
💠	ドット付きひし形	diamond with a dot	ダイア ダイヤ ひし形 comic diamond dot geometric
🔘	ラジオボタン	radio button	ボタン 二重丸 button geometric radio
🔳	白枠四角	white square button	ボタン 四角ボタン 正方形 button geometric outlined square white
🔲	黒枠四角	black square button	ボタン 四角ボタン 正方形 black button geometric square
🏁	チェッカーフラッグ	chequered flag	スポーツ フラグ フラッグ レーシング レース 勝利 旗 checkered chequered finish flag flags game race racing sport win
🚩	三角の旗	triangular flag	ゴルフ スポーツ フラグ フラッグ 建築 旗 construction flag golf post triangular
🎌	祝日の旗	crossed flags	フラグ フラッグ 交差した旗 旗 日の丸 日本 祝日 celebration cross crossed flags Japanese
🏴	黒旗	black flag	フラグ フラッグ 旗 黒 black flag waving
🏳️	白旗	white flag	フラグ フラッグ 旗 白 flag waving white
🏳️‍🌈	レインボーフラッグ	rainbow flag	GLBT LGBT LGBTQ LGBTQIA ゲイ トランスジェンダー バイセクシュアル プライド フラグ レズビアン 虹色の旗 bisexual flag gay genderqueer glbt glbtq lesbian lgbt lgbtq lgbtqia pride queer rainbow trans transgender
🏳️‍⚧️	トランスジェンダーフラッグ	transgender flag	LGBT TG トランスジェンダー フラグ フラッグ 旗 blue flag light pink transgender white
🏴‍☠️	海賊旗	pirate flag	ジョリー・ロジャー 宝物 海賊 略奪 flag Jolly pirate plunder Roger treasure
